imdb_score,release_year,movie_title_length,aspect_ratio,colour_film,genres_length,distributor_length,actor1_length,is_Miramax,is_Nov,is_Dec
7.3,2014,20,2.35,Color,5,21,20,0,0,0
6.9,2003,5,1.85,Color,21,29,13,0,0,0
7.2,2005,12,2.35,Color,11,18,14,0,0,0
5.9,2012,14,2.35,Color,15,9,13,0,0,0
7.6,1979,20,1.85,Color,21,18,14,0,0,0
6.4,2006,13,1.85,Color,14,23,14,0,0,0
7.1,1987,10,1.85,Color,23,25,11,0,0,0
8.1,2007,22,2.35,Color,20,34,15,0,1,0
7.1,1998,5,2.35,Color,13,15,12,0,0,0
6.5,2007,16,1.85,Color,20,12,12,0,0,0
8.1,2005,8,1.85,Black and White,14,15,14,0,0,0
4.6,2009,27,2.35,Color,31,20,16,0,1,0
5.1,2005,20,2.35,Color,23,12,13,0,0,0
8.2,2007,13,2.35,Color,25,18,15,0,0,0
7.3,2008,10,2.35,Color,21,12,9,0,0,0
5.8,1996,11,1.85,Color,29,23,13,0,0,0
5.7,2012,36,2.35,Color,20,9,13,0,0,0
7.5,2004,7,2.4,Color,29,20,12,0,0,0
8.2,1995,6,2.35,Color,21,25,14,0,1,0
6.2,2010,10,1.85,Color,19,20,13,0,0,0
7.1,2010,6,1.85,Color,14,11,10,0,0,0
5.8,2006,19,2.35,Color,6,15,14,0,0,0
6.1,1998,11,1.85,Color,28,16,15,0,0,0
7.2,2003,12,1.85,Color,22,15,14,0,0,0
6.5,2004,12,2.35,Color,27,16,13,0,0,0
6.2,2013,6,2.35,Color,29,17,13,0,0,0
6.5,2006,7,2.35,Color,25,20,14,0,0,0
4.9,1996,11,2.35,Color,31,18,20,0,0,0
6.3,2011,20,2.35,Color,20,16,12,0,0,0
5.1,1997,7,1.85,Color,25,20,12,0,0,0
6.8,1973,16,1.66,Color,25,14,12,0,0,0
5.7,2013,9,2.35,Color,22,4,14,0,1,0
7.3,1986,27,2.35,Color,31,21,11,0,0,0
6.7,1994,10,2.35,Color,28,12,16,0,0,0
8.3,1997,17,2.35,Color,28,12,12,0,0,0
6,1998,11,2.35,Color,30,33,14,0,0,0
8.1,1984,14,1.85,Color,13,14,13,0,0,0
7.5,1995,11,2.35,Color,9,20,17,0,0,0
7.7,2004,3,1.85,Color,23,16,15,0,0,0
6.4,2014,19,1.85,Color,37,35,10,0,0,0
8.1,1983,6,2.35,Black and White,23,29,14,0,0,0
8.4,1984,27,1.85,Color,11,16,14,0,0,0
6.8,1999,17,2.35,Color,12,15,14,0,0,0
7.8,2008,30,1.85,Color,9,7,15,1,1,0
4.5,2002,11,2.35,Color,25,13,12,0,1,0
5.5,1995,10,2.35,Color,28,18,17,0,0,0
5.6,2007,15,1.85,Color,14,9,9,0,0,0
5.1,2015,11,2.35,Color,19,12,12,0,0,0
6.9,1984,8,1.85,Color,28,18,10,0,0,0
6.9,1996,7,2.35,Color,12,27,11,0,0,0
6.5,1990,19,1.33,Color,19,10,12,0,0,0
6.2,2013,5,2.35,Color,13,10,12,0,0,0
6.8,2012,8,2.35,Color,14,9,14,0,0,0
7.4,2014,9,2.35,Color,11,12,17,0,0,0
7.6,1996,24,2.35,Color,38,35,12,0,1,0
6.7,2007,12,2.35,Color,27,18,13,0,0,0
6.8,2005,19,2.35,Color,26,4,13,0,0,0
6.3,2009,38,2.35,Color,21,43,13,0,0,1
6.9,1990,12,1.85,Color,14,20,13,0,0,0
6,2014,11,2.35,Color,20,18,14,0,0,1
5.1,2007,22,2.35,Color,6,34,10,0,0,0
7.7,1997,18,1.85,Color,20,16,14,0,0,1
6,2016,13,2.35,Color,6,9,14,0,0,0
7.3,1996,18,2.35,Color,11,20,11,0,0,0
7.7,2015,10,2.35,Black and White,29,3,13,0,0,0
5.5,2010,17,2.35,Color,21,29,13,0,0,0
5.2,2001,11,1.85,Color,31,18,11,0,0,0
6.6,1984,35,2.35,Color,23,18,13,0,0,0
7.3,2016,19,2.35,Color,36,18,14,0,0,0
7.9,1987,16,2.35,Color,20,18,14,0,0,0
6.8,2008,9,2.35,Color,19,15,15,0,0,0
6.5,2010,7,2.35,Color,30,21,12,0,0,0
7.1,2016,23,2.35,Color,36,18,12,0,0,0
5.2,1995,9,2.35,Color,20,14,11,0,0,0
6.6,1989,15,2.35,Color,25,14,11,0,0,0
6.6,2000,13,2.35,Color,31,20,15,0,0,0
8,2014,7,1.85,Color,5,13,14,0,0,0
7.6,2001,10,1.85,Color,23,21,17,0,0,0
6.9,1981,7,1.85,Color,17,29,11,0,0,0
5.9,1991,10,1.85,Color,27,29,14,0,0,0
5.4,2008,17,1.85,Color,21,8,12,0,0,0
6.2,2000,17,1.85,Color,27,12,14,0,0,1
6.6,2011,21,2.35,Color,14,11,10,0,0,0
7.9,2014,12,2.35,Color,20,17,15,0,0,0
7.5,2013,2,2.35,Color,21,12,13,0,0,0
6.2,2004,15,1.85,Color,21,20,12,0,0,0
7.3,2001,8,1.85,Color,13,7,9,1,0,0
5.5,2007,15,2.35,Color,30,17,16,0,0,0
6.5,2010,17,2.35,Color,20,20,16,0,0,0
5.2,2002,19,2.35,Color,20,12,7,0,0,0
6.3,2002,11,2.35,Color,28,21,14,0,0,0
7.1,1998,11,1.85,Color,12,15,14,0,0,0
6.2,2011,19,2.35,Color,14,18,15,0,0,0
6.6,2004,8,1.85,Color,6,23,10,0,0,0
7.3,2007,15,2.35,Color,28,12,13,0,0,0
6.9,1999,16,1.85,Color,14,10,13,0,0,0
6.5,2000,18,1.85,Color,6,21,14,0,0,0
7,2000,13,1.85,Color,14,49,12,0,0,0
6.5,2005,16,2.35,Black and White,23,18,13,0,0,0
5.8,2002,9,1.85,Color,14,29,13,0,0,0
6.4,2010,9,2.35,Color,14,18,10,0,0,0
6.4,2008,14,2.35,Color,6,34,13,0,0,0
7.7,1998,30,2.35,Color,22,20,11,0,0,0
7.6,2004,12,2.35,Color,20,24,14,0,0,0
7.8,1997,8,2.35,Color,22,29,18,0,0,0
7.6,1999,17,2.35,Color,9,24,10,0,0,0
7.7,2014,24,2.35,Color,23,14,14,0,1,0
7.3,1995,6,1.85,Black and White,12,15,8,0,0,0
7.5,2004,19,1.85,Color,11,18,23,0,0,0
7.8,2000,19,2.35,Color,21,20,12,0,0,0
6.9,2015,7,2.35,Color,34,29,12,0,0,0
7.3,2002,12,2.35,Color,13,9,20,0,0,0
5,1980,4,2.35,Color,28,25,14,0,0,0
8.1,1987,7,1.85,Color,9,14,11,0,0,0
6,2012,24,2.35,Color,6,13,10,0,0,0
6.4,1994,8,2.35,Color,38,12,12,0,0,0
7.3,1994,12,1.85,Color,20,29,14,0,0,1
8.1,2015,9,1.85,Color,29,17,12,0,1,0
7.1,2016,4,2.35,Color,21,26,12,0,0,0
6.4,2003,26,1.78,Color,21,29,11,0,0,0
3.4,2003,39,1.37,Color,6,15,12,0,0,0
5.6,2011,7,2.35,Color,21,17,13,0,0,0
7.2,2012,13,1.85,Color,20,9,13,0,0,0
6.3,2000,11,2.35,Color,18,9,14,0,0,0
6.1,2012,17,1.85,Color,13,21,14,0,0,1
6.4,2015,4,2.35,Color,25,11,12,0,0,0
6.1,2000,14,2.35,Color,21,12,6,0,0,0
7.6,1973,19,2.35,Color,15,18,14,0,0,0
5.6,2009,12,1.85,Color,13,14,10,0,0,0
6.1,2012,7,2.35,Color,32,24,13,0,0,0
6.7,1985,8,1.85,Color,25,21,9,0,0,0
5.5,1998,19,1.85,Color,30,25,15,0,0,0
6.6,2013,11,1.85,Color,6,18,14,0,0,0
5.6,2000,11,2.35,Color,26,20,11,0,0,0
4.9,2002,7,2.35,Color,36,18,14,0,0,0
6.1,2008,10,2.35,Color,14,17,10,0,0,0
7.4,1987,11,1.85,Color,11,21,12,0,0,1
4.7,2013,17,1.85,Color,12,9,11,0,0,1
8.1,1993,13,1.85,Color,22,29,11,0,0,0
4.8,2008,16,1.85,Color,32,24,18,0,0,0
8,1990,18,2.35,Color,23,13,14,0,1,0
6.8,1988,10,1.85,Color,28,24,10,0,0,0
5.4,2003,13,1.85,Color,6,23,10,0,0,0
3.9,2011,10,1.85,Color,13,17,14,0,1,0
7.6,1989,6,1.85,Color,16,35,13,0,0,0
8.1,2001,12,2.35,Color,21,11,15,0,0,0
7.3,2008,11,2.35,Black and White,21,18,12,0,0,0
5.9,2006,6,2.35,Color,6,16,13,0,0,0
5.4,1994,14,1.85,Color,35,12,18,0,0,0
6.6,2012,16,2.35,Color,14,11,11,0,0,0
7.1,2007,13,2.35,Color,23,12,13,0,0,0
6.1,2015,5,2.35,Color,21,35,14,0,0,0
5.2,2004,17,2.35,Color,20,29,12,0,0,0
7.1,2016,10,2.35,Color,27,13,12,0,0,0
6.9,1995,10,1.85,Color,21,8,12,0,0,0
6.2,2009,7,1.85,Color,20,25,12,0,0,0
4.1,2002,23,2.35,Color,22,15,16,0,0,0
7.4,1985,7,1.85,Color,28,18,13,0,0,0
7.7,1989,7,1.85,Color,42,28,13,0,1,0
8.3,1968,21,2.2,Color,24,25,11,0,0,0
6.4,2007,13,2.35,Color,16,15,12,0,0,0
5.7,2002,8,2.35,Color,26,17,15,0,0,1
3.3,1998,11,1.85,Color,19,29,13,0,0,0
7.6,1990,24,2.35,Color,25,18,11,0,0,0
5.2,2001,13,1.85,Color,6,15,14,0,0,0
6.4,2001,14,1.85,Color,6,18,15,0,0,0
8,1998,15,2.35,Color,5,22,19,0,1,0
6.7,2016,19,1.85,Color,34,29,19,0,0,0
7,2007,14,2.35,Black and White,21,16,14,0,0,1
3,2006,10,1.85,Color,6,24,8,0,0,0
7.1,2012,25,2.35,Color,22,14,20,0,0,0
5.9,1984,34,1.85,Color,15,18,13,0,0,0
7.3,2009,8,2.35,Color,15,24,15,0,0,1
8,2013,18,2.35,Color,15,16,19,0,1,0
5.1,2006,22,2.35,Color,21,21,12,0,0,0
6.3,2001,16,2.35,Color,28,21,12,0,0,0
7.6,1963,31,2.76,Color,29,14,16,0,1,0
3.3,2002,10,1.85,Color,12,18,14,0,0,0
4.8,2016,11,2.35,Color,6,18,14,0,0,0
5.2,2008,7,1.85,Color,23,16,11,0,0,0
6.6,2014,25,2.35,Color,12,12,8,0,0,0
4.7,2014,16,2.35,Color,33,30,14,0,0,0
3.1,2015,15,2.35,Color,22,18,12,0,0,0
4.5,2015,9,2.35,Color,5,29,13,0,0,0
7.4,2016,8,2.35,Color,25,18,13,0,0,0
7.4,2011,14,1.66,Color,13,23,12,0,0,0
7,1998,14,1.85,Color,5,18,12,0,0,0
5.7,2012,17,2.35,Color,20,12,13,0,0,1
5.9,2001,11,1.85,Color,28,21,15,0,1,0
8.2,1980,16,2.35,Black and White,15,18,15,0,0,0
2.4,2000,17,2.35,Color,23,12,13,0,0,0
2.1,2006,9,1.85,Color,12,23,15,0,0,0
7.3,1998,20,1.85,Color,22,12,11,0,0,0
7.7,1964,18,1.75,Black and White,14,14,14,0,0,0
7.6,2000,15,2.35,Color,11,16,14,0,0,0
8.1,2013,4,2.35,Color,28,10,15,0,0,0
6.8,1993,8,1.85,Color,22,18,10,0,0,0
6.7,2012,28,2.35,Color,33,29,11,0,0,0
4.4,2013,14,2.35,Color,26,24,15,0,1,0
7.5,2007,16,2.35,Color,13,28,10,0,0,0
7.7,1996,21,1.85,Color,13,29,12,0,0,0
7.9,1982,26,1.85,Color,13,18,12,0,0,0
6.8,2006,22,2.35,Color,19,20,12,0,0,0
6.1,2016,26,2.35,Color,21,13,12,0,0,0
7,1997,21,1.85,Color,12,22,14,0,0,0
7.9,2007,8,2.35,Color,21,14,11,0,0,0
7.2,2003,13,1.85,Color,12,15,10,0,0,0
5.1,2002,18,1.85,Color,14,29,14,0,0,0
6.4,1999,8,1.85,Color,18,25,14,0,1,0
6.2,2009,4,2.35,Color,20,4,9,0,0,0
7.4,1999,15,2.35,Color,22,18,10,0,0,1
6.8,1996,31,1.85,Color,32,18,12,0,0,1
7.6,2007,8,1.85,Color,6,29,10,0,0,0
9.3,1994,24,1.85,Color,11,22,14,0,0,0
7.2,1951,9,1.37,Color,31,25,13,0,0,1
4.5,2001,19,1.85,Color,6,21,8,0,0,0
8.8,1980,46,2.35,Color,31,19,13,0,0,0
7,2006,11,1.85,Color,27,22,12,0,1,0
5.6,2003,21,1.85,Color,28,10,17,0,0,0
7.6,1978,12,1.85,Color,6,18,12,0,0,0
4.8,2004,4,1.85,Color,6,23,11,0,0,0
6.4,2003,28,1.85,Color,14,18,19,0,0,0
5.6,2004,10,2.35,Color,22,21,15,0,0,0
7,2008,11,1.85,Color,30,18,10,0,0,0
6.8,2003,8,1.85,Color,5,24,12,0,0,0
7.7,2012,12,1.85,Color,20,10,15,0,0,0
4.5,2008,15,1.85,Color,29,15,10,0,0,0
7.1,2006,14,1.85,Color,28,28,14,0,0,0
8.2,1998,16,1.85,Color,12,21,22,0,0,0
6.7,2001,14,1.85,Color,13,12,12,0,0,0
5.7,2014,18,1.85,Color,6,44,11,0,1,0
6.9,2016,10,2.35,Color,6,12,11,0,0,0
2.6,2013,86,1.85,Color,6,35,14,0,0,0
6.4,2000,17,1.85,Color,20,20,14,0,0,0
7.2,2011,9,1.85,Color,20,34,13,0,0,0
7.7,2003,9,2.35,Color,5,20,22,0,0,0
7.3,1991,9,2.35,Color,14,18,14,0,1,0
6.9,2001,30,2.35,Color,6,15,12,0,0,0
7.1,2009,24,2.35,Color,28,22,13,0,0,0
4.4,1994,16,2.35,Color,25,12,10,0,0,0
8.1,2008,19,2.35,Color,5,17,12,0,0,0
4.9,2008,9,1.85,Color,12,20,18,0,0,0
8.5,1981,23,2.35,Color,16,18,13,0,0,0
6.3,1997,5,2.35,Color,31,20,11,0,0,0
6.1,2001,16,1.85,Color,14,14,14,0,0,0
4.9,1981,12,1.85,Color,6,18,20,0,0,0
6.3,1998,15,1.85,Color,21,29,11,0,1,0
6.3,2013,20,2.35,Color,15,16,12,0,0,0
7,2014,18,2.35,Color,38,29,13,0,0,0
8,2010,10,2.35,Color,14,24,15,0,0,1
6.7,1994,10,1.66,Color,21,14,15,0,0,0
7.1,2011,11,1.85,Color,31,35,10,0,1,0
6.3,2010,12,2.35,Color,20,14,16,0,0,0
7,1981,12,1.85,Color,31,16,14,0,1,0
6.6,1999,37,2.35,Color,29,15,11,0,0,0
6.6,2008,15,2.35,Color,18,20,14,0,0,0
6.9,2009,17,2.35,Color,12,12,19,0,0,0
5.6,2011,13,2.35,Color,24,18,15,0,0,0
7.1,2013,9,2.35,Color,20,27,12,0,0,0
6.7,2000,12,2.35,Color,19,29,13,0,0,0
6.2,2004,11,2.35,Color,5,6,12,0,0,0
6.8,2011,5,2.35,Color,21,34,14,0,0,0
7.2,2008,25,1.85,Color,20,18,10,0,0,0
6.6,2017,10,2.35,Color,28,29,13,0,0,0
7.5,2006,13,2.35,Color,37,10,10,0,0,0
4.4,2000,7,1.85,Color,14,17,13,0,0,0
7.7,2007,25,2.35,Color,32,24,13,0,0,0
6.6,2013,13,1.85,Color,5,14,10,0,0,0
5.6,1996,19,1.85,Color,21,18,18,0,0,0
6.9,2001,18,2.35,Color,13,12,15,0,0,0
7.3,2014,16,2.35,Color,49,21,14,0,0,0
6.2,2005,11,2.35,Color,26,21,12,0,0,0
8,2001,16,1.85,Color,22,18,11,0,0,0
5.9,2007,10,2.35,Color,44,12,13,0,0,0
6.8,2005,36,2.35,Color,23,20,15,0,0,0
7.6,2006,21,2.35,Color,12,24,12,0,0,0
6.7,2001,24,2.35,Color,21,18,11,0,0,0
6.5,2005,7,2.35,Color,16,23,11,0,0,0
6.7,2003,14,1.85,Color,12,20,12,0,0,0
6.5,2010,10,2.35,Color,19,14,12,0,0,0
7.2,2015,10,1.85,Color,12,29,14,0,0,0
5.9,2008,10,2.35,Color,28,29,9,0,0,0
6.8,1998,8,1.85,Color,20,35,13,0,0,0
4.8,2001,10,1.85,Color,13,29,14,0,0,0
6.1,2009,30,1.78,Color,20,22,16,0,0,0
5.4,2010,5,2.35,Color,14,16,14,0,0,0
5.9,2007,12,2.35,Color,12,18,15,0,0,0
7.1,1977,20,2.35,Color,32,14,14,0,0,0
7.4,2006,12,1.85,Color,22,9,12,0,0,0
8.5,2014,8,2.4,Color,11,17,12,0,0,0
6.8,2014,15,2.35,Color,30,21,11,0,0,0
6.7,2000,17,1.85,Color,15,15,14,0,0,0
6.5,2008,9,1.85,Color,24,19,14,0,0,0
7.3,2008,12,2.35,Color,28,14,13,0,0,0
7,1996,13,1.85,Color,12,18,12,0,0,0
5.9,1986,16,1.85,Color,39,18,11,0,0,1
7.6,2006,9,2.35,Color,22,18,19,0,0,0
5.7,2001,21,2.35,Color,14,29,13,0,0,0
6.5,2000,10,1.85,Color,18,15,13,0,0,0
7.9,1980,18,1.85,Color,25,18,12,0,0,0
6.3,2014,12,2.35,Color,13,18,13,0,0,0
6.4,2012,30,2.35,Color,13,35,14,0,0,0
5.5,2005,15,1.85,Color,21,18,11,0,0,0
5,1998,10,1.85,Color,20,12,16,0,1,0
7,2013,15,2.35,Color,20,14,14,0,0,0
7.8,2015,13,2.35,Color,30,18,12,0,0,1
6.4,1978,8,1.85,Color,5,14,18,0,0,0
7.7,1997,5,1.85,Color,29,18,11,0,0,0
6.1,2011,24,2.35,Color,15,9,14,0,0,0
6.8,2008,9,2.35,Color,31,33,9,0,0,0
6.7,1997,6,2.35,Color,21,12,8,0,0,0
7.9,2009,12,2.35,Color,11,10,13,0,0,0
7.2,2003,11,1.85,Color,20,13,20,0,0,0
7.6,1996,16,1.85,Color,11,21,10,0,0,0
7,2010,16,2.35,Black and White,25,19,19,0,0,0
2,2007,17,1.85,Color,12,30,13,0,0,0
6.7,1998,11,2.35,Color,30,18,14,0,0,1
6.6,1994,22,2.35,Color,40,18,12,0,1,0
7.2,1999,14,2.35,Color,20,23,12,0,0,0
7,2009,13,1.85,Color,23,29,12,0,0,0
6.9,2011,19,2.35,Color,13,21,16,0,0,0
5.8,1994,7,2.35,Color,28,18,8,0,0,0
5,2011,9,2.35,Color,23,9,10,0,0,0
7.4,2013,16,1.85,Color,22,14,13,0,0,0
7.7,2007,21,1.85,Color,21,13,11,0,0,0
5.2,2004,20,1.85,Color,14,21,8,0,0,0
6.5,1977,24,1.85,Color,6,39,12,0,0,0
6.7,2002,23,1.85,Color,20,16,15,0,0,0
6.6,1997,14,2.35,Color,28,18,14,0,0,0
7.6,1990,23,1.85,Color,11,18,9,0,0,1
7.6,2006,21,1.85,Color,28,29,12,0,1,0
6.1,2014,19,2.35,Color,14,17,15,0,0,0
5.5,2008,15,2.35,Color,14,29,10,0,0,0
5.2,2006,19,1.33,Color,41,14,13,0,0,0
7.1,2000,13,1.85,Color,12,7,10,0,0,0
6.5,2011,9,1.85,Color,19,18,12,0,0,0
5.8,2004,9,2.35,Color,20,16,15,0,0,0
6.8,2010,6,1.85,Color,21,17,11,0,0,0
7.3,2003,14,2.35,Color,15,24,17,0,0,0
7,2014,8,1.85,Color,29,21,15,0,0,1
8,1969,14,2.35,Color,24,26,14,0,0,0
6.1,2003,10,1.85,Color,15,21,12,0,0,0
7.2,2001,12,1.85,Color,19,19,15,0,0,0
7.2,2008,24,1.85,Color,13,10,18,0,0,0
7.7,2009,14,1.85,Color,21,12,14,0,1,0
7,2007,16,2.35,Black and White,11,17,17,0,0,0
6,2013,14,2.35,Color,23,25,15,0,0,0
7.5,2005,21,1.85,Color,20,15,15,0,0,0
6.5,2012,11,2.35,Color,23,18,10,0,0,0
7.3,1996,13,1.85,Color,26,16,10,0,0,1
5.7,2004,30,1.85,Black and White,12,50,12,0,0,0
8.4,1992,14,2.35,Color,20,7,17,0,0,0
8.1,1999,15,1.85,Color,22,20,12,0,0,0
6.5,2014,10,2.35,Color,20,29,10,0,0,0
6.6,1983,9,2.35,Color,25,28,13,0,0,0
6.9,2011,9,2.35,Color,22,29,16,0,0,0
7.4,1982,11,2.35,Color,14,28,16,0,0,0
6.5,2000,10,1.85,Color,5,26,9,0,0,0
7.8,2016,15,2.35,Color,23,15,12,0,0,0
7,2000,10,2.35,Color,5,16,12,0,0,0
7.6,1989,23,1.85,Color,20,29,11,0,0,0
6.8,2011,5,1.85,Color,18,12,16,0,0,0
7.5,2002,14,2.35,Color,11,7,13,0,0,0
7.1,2016,5,2.35,Color,39,9,12,0,0,0
5.3,2000,14,1.85,Color,20,15,15,0,0,0
7.3,2004,34,2.35,Color,22,20,11,0,0,1
5.8,2003,12,2.35,Color,6,21,10,0,0,1
7.1,2011,21,1.85,Color,23,18,10,0,0,0
6.7,2002,10,1.85,Color,14,21,16,0,0,0
7,2008,12,2.35,Color,20,16,15,0,0,0
6.6,1995,10,1.78,Color,56,20,14,0,0,0
6.3,2007,25,2.35,Color,29,11,14,0,0,0
7,1965,11,2.35,Color,25,14,16,0,0,1
6.5,1998,10,2.35,Color,6,7,11,0,0,0
6.3,2010,8,2.35,Color,28,18,11,0,0,0
6.8,2009,8,2.35,Color,37,20,13,0,0,0
6.7,2003,20,1.85,Color,26,21,14,0,0,0
8,2014,3,1.85,Color,20,19,18,0,0,0
7.6,2006,10,2.35,Color,28,18,17,0,0,0
5.6,2000,13,1.85,Color,18,24,11,0,0,0
8,2005,8,2.35,Color,32,18,12,0,0,0
5.2,2010,6,2.35,Color,21,30,12,0,0,0
8.3,2016,4,2.35,Color,5,24,10,0,0,0
8.1,2014,24,1.37,Color,28,24,11,0,0,0
8.3,2005,8,1.85,Color,27,17,18,0,0,0
7.8,1999,12,1.85,Color,6,21,9,0,0,0
7.9,2010,11,2.35,Color,21,21,14,0,0,1
4.3,1996,10,1.85,Color,27,29,10,0,0,0
6.2,1998,7,1.85,Color,13,13,11,0,0,0
6,2006,11,2.35,Color,12,25,14,0,0,0
7.5,1998,11,1.85,Color,26,16,15,0,0,0
3.9,2007,15,1.85,Color,14,24,11,0,0,1
6.8,1988,10,1.85,Color,35,21,12,0,0,0
6.6,2005,6,1.85,Color,14,16,18,0,0,0
2.4,2003,5,2.35,Color,20,29,15,0,0,0
8,1995,13,1.85,Color,13,29,16,0,0,0
6.1,2007,15,1.66,Black and White,22,12,11,0,0,0
6.2,2008,11,2.35,Color,20,11,11,0,0,0
7.2,1999,21,1.85,Color,13,29,11,0,0,0
6.4,1977,19,2.35,Color,6,12,8,0,0,0
6.8,2002,10,2.35,Color,20,29,15,0,0,0
7.2,2010,11,2.35,Color,36,35,11,0,0,0
7,2011,10,2.35,Color,5,16,10,0,0,0
8.6,1998,18,1.85,Black and White,11,15,12,0,1,0
5.7,2012,7,2.35,Color,11,23,14,0,0,0
6.8,2006,11,2.35,Color,27,14,10,0,0,0
7.3,2011,12,2.35,Color,12,14,13,0,0,0
6.8,2011,6,1.85,Color,18,13,19,0,0,0
7.9,1989,18,1.85,Color,5,18,8,0,0,0
7.5,2003,10,2.35,Color,21,20,13,0,0,0
3.7,2009,37,2.35,Color,35,23,11,0,0,0
5.3,1985,15,1.85,Color,15,24,11,0,0,0
7.8,1997,7,2.35,Color,21,29,15,0,0,0
5.6,2015,9,2.35,Color,27,11,13,0,0,0
7.7,2009,11,2.35,Color,5,18,10,0,0,0
6.1,1983,10,1.85,Color,19,18,13,0,0,0
7.7,2012,4,2.35,Color,32,12,11,0,0,0
7.3,2006,12,1.85,Color,12,12,12,0,1,0
6.8,2011,11,2.35,Color,14,18,10,0,0,0
7.7,2015,5,2.35,Color,11,12,18,0,1,0
6.3,1997,24,2.35,Color,14,16,13,0,0,0
6.3,2002,10,2.35,Color,28,11,9,0,0,0
5.5,1988,19,2.35,Color,23,18,10,0,0,0
8.4,1986,6,1.85,Color,23,21,13,0,0,0
6.4,2013,12,1.85,Color,12,12,14,0,0,1
6,1990,16,1.85,Color,19,18,13,0,0,1
6.4,2005,5,2.35,Color,29,21,12,0,0,0
5.9,1994,14,1.85,Color,35,21,12,0,0,0
8.1,2011,8,1.85,Color,5,35,10,0,0,0
5.1,2009,12,2.35,Color,14,19,13,0,0,0
6.8,1990,18,2.35,Color,38,25,12,0,0,0
5.5,2012,6,2.35,Color,27,16,12,0,0,0
5.2,2015,12,2.39,Color,22,23,17,0,0,0
4.9,1983,12,2.35,Color,20,12,13,0,0,0
8,2012,31,1.85,Color,13,20,12,0,0,0
5.7,2013,17,1.85,Color,11,7,12,0,0,0
5.9,2005,9,1.85,Color,14,29,10,0,0,0
7.6,2006,8,2.35,Color,22,21,10,0,0,0
7.8,2012,16,1.85,Color,30,34,12,0,0,0
5.9,1999,15,1.85,Color,20,18,12,0,0,0
7.4,2003,15,1.85,Color,13,14,12,0,0,0
6.4,2015,8,2.35,Color,20,29,9,0,0,0
6.3,1971,34,2.35,Color,13,21,14,0,0,0
5.4,2010,26,2.35,Color,27,12,18,0,0,0
5.8,2001,15,2.35,Color,28,29,10,0,0,0
6.7,1987,20,2.35,Color,25,14,13,0,0,0
6.3,2011,13,1.85,Color,5,12,12,0,0,0
6.5,1999,3,2.35,Color,16,33,12,0,0,0
2.9,2007,14,1.85,Color,13,16,13,0,0,0
5.5,2006,21,1.85,Color,14,9,9,0,0,0
7.6,2014,25,1.85,Color,37,15,12,0,1,0
7.4,2014,11,1.85,Color,11,10,12,0,0,0
6.4,2002,16,1.85,Color,27,12,14,0,0,0
5.7,2002,23,2.35,Color,28,15,9,0,0,0
7.3,2011,10,2.35,Color,20,23,13,0,0,0
5.9,2013,8,2.35,Color,40,20,13,0,0,0
6,2001,25,1.85,Color,47,18,12,0,0,1
7.1,2010,25,1.78,Color,11,43,18,0,0,0
7.3,2008,23,2.35,Color,5,24,11,0,0,0
7.7,2007,16,1.85,Color,22,14,15,0,0,0
8.3,1973,9,1.85,Color,18,18,14,0,0,1
8,2010,17,1.85,Color,31,24,11,0,0,1
7.4,2005,13,1.85,Color,17,18,11,0,0,0
8.1,1939,16,1.37,Black and White,32,25,17,0,0,0
5.4,1981,17,1.78,Color,6,14,4,0,0,0
7,2011,15,2.35,Color,19,29,12,0,0,0
6.8,2005,7,2.35,Color,14,29,16,0,0,0
6.9,2009,8,2.35,Color,24,32,15,0,0,0
7.5,1997,12,1.85,Color,14,7,14,1,0,1
7.9,1990,19,1.85,Color,15,21,11,0,0,1
5.9,2001,8,1.85,Color,22,29,15,0,0,0
7.3,2011,15,2.35,Color,12,24,16,0,0,1
7.5,1970,17,2.35,Color,24,21,13,0,0,0
5.6,2006,4,1.85,Color,23,15,12,0,0,0
6.7,1997,15,1.85,Color,29,20,13,0,0,0
6.6,2005,15,1.85,Color,12,18,12,0,0,0
7.7,2002,13,1.85,Color,17,18,13,0,0,0
4.7,2005,19,1.85,Color,45,20,13,0,0,0
7.5,1997,13,1.85,Color,5,24,10,0,1,0
5.6,2000,8,2.35,Color,21,9,14,0,0,0
3.3,2013,9,1.78,Color,6,4,11,0,0,0
4.2,2009,25,1.85,Color,33,35,12,0,0,0
5.4,2011,12,1.85,Color,15,32,11,0,0,0
6.5,2010,6,2.35,Color,27,43,14,0,1,0
8.2,2011,7,2.35,Color,11,21,9,0,0,0
7.1,1999,7,2.35,Color,27,18,9,0,0,0
6.8,2007,14,2.35,Color,21,21,11,0,0,0
4.8,1998,9,2.35,Color,22,33,12,0,0,0
6.3,2014,7,2.35,Color,11,18,15,0,0,0
7.6,1984,36,2.35,Color,16,18,13,0,0,0
7,1999,12,1.85,Color,6,18,15,0,0,0
8.7,1977,34,2.35,Color,31,21,13,0,0,0
5.4,2003,12,1.85,Color,14,21,12,0,0,0
7.7,2010,9,2.35,Color,23,18,10,0,0,1
7.1,2011,15,1.85,Color,19,21,18,0,0,1
6.7,1993,15,1.85,Color,12,21,13,0,0,0
6.3,2014,16,2.35,Color,21,29,11,0,0,0
6,2004,13,1.85,Color,20,20,14,0,0,0
8,1968,15,1.85,Color,12,18,15,0,0,0
6.8,1981,18,2.35,Color,25,14,13,0,0,0
7,2002,6,1.85,Color,20,15,17,0,0,0
5.4,2009,10,1.85,Color,14,21,13,0,0,0
6.3,2001,12,1.85,Color,12,21,10,0,0,0
7.7,2007,40,2.35,Color,21,13,16,0,0,0
6.2,2007,10,1.85,Color,12,13,10,0,0,0
6.4,2001,8,2.35,Color,16,18,14,0,0,0
5.7,2008,54,1.85,Color,33,18,14,0,0,0
8,2002,19,1.85,Color,21,23,17,0,0,1
7.2,2003,7,1.85,Black and White,20,7,10,1,0,0
7.2,2015,10,2.35,Color,15,18,12,0,0,0
7.4,2004,16,2.35,Color,22,18,10,0,0,0
6.7,2011,16,1.85,Color,13,20,9,0,0,0
7.4,1998,20,1.85,Color,6,13,11,0,0,0
5.4,2015,5,1.85,Color,20,29,10,0,0,0
7.8,1980,9,1.85,Color,6,18,12,0,0,0
6.8,1991,17,1.85,Color,14,35,15,0,0,0
6.8,1996,19,1.85,Color,20,18,14,0,0,0
7.8,1988,16,2.35,Color,23,12,20,0,0,0
7.6,1996,9,2.35,Color,13,22,19,0,0,0
5.6,2009,12,2.35,Color,27,18,12,0,0,0
7.5,2007,4,1.85,Color,20,21,12,0,0,1
7.5,2000,12,1.85,Color,6,45,20,0,0,0
5.6,2006,17,2.35,Color,37,15,9,0,0,0
2.7,2008,17,1.85,Color,6,21,14,0,0,0
6.7,2013,11,2.35,Color,36,20,18,0,0,0
8.2,1988,8,2.35,Color,15,21,12,0,0,0
5.8,2003,18,2.35,Color,27,12,6,0,0,0
6.3,1983,17,1.85,Color,35,14,15,0,0,0
7,2006,5,1.78,Color,21,16,13,0,0,0
7.3,2000,9,2.35,Color,35,15,12,0,0,0
5.9,1997,14,2.35,Color,15,23,19,0,0,0
4.7,2006,10,1.85,Color,21,21,13,0,0,0
8.3,2010,10,2.35,Color,17,22,10,0,1,0
5.8,1995,13,1.85,Color,40,15,19,0,0,0
6.3,2010,14,1.78,Color,12,30,12,0,0,0
7.2,1989,12,1.85,Color,12,18,14,0,0,0
7.2,2003,10,2.35,Color,6,23,12,0,0,0
6.5,2012,18,2.35,Color,19,20,11,0,0,0
6.2,2001,20,1.85,Color,21,20,13,0,0,0
6.1,1998,15,2.35,Color,28,12,13,0,0,0
5.9,2007,16,1.85,Color,12,21,20,0,0,0
8.3,1995,9,1.85,Color,41,20,9,0,1,0
4.7,2010,9,2.35,Color,37,12,18,0,0,0
5.5,2001,11,2.35,Color,34,12,17,0,0,0
7.2,1997,7,1.85,Color,13,23,15,0,0,1
5.8,2009,5,1.85,Color,6,18,4,0,0,0
6.1,2004,14,1.85,Color,20,7,15,1,0,0
6.1,2014,33,2.35,Color,14,18,11,0,0,0
7.1,2015,10,2.35,Color,21,29,10,0,0,1
5.5,2011,11,1.85,Color,23,20,12,0,0,0
7.2,1991,38,2.35,Color,32,18,13,0,0,1
6,2008,10,1.85,Color,22,11,15,0,0,0
6.2,2015,7,2.35,Color,18,22,11,0,0,0
8.1,2003,17,2.35,Black and White,6,7,15,1,0,0
7.4,2006,9,1.85,Black and White,6,21,12,0,0,0
7.9,1997,13,2.35,Color,5,15,11,0,0,0
5.6,1999,21,1.37,Color,23,12,13,0,0,0
6.2,1996,9,1.85,Color,29,29,16,0,0,0
6.1,2002,13,2.35,Color,21,7,11,0,0,0
7.3,2013,26,2.35,Color,20,17,12,0,0,0
5.6,2009,7,2.35,Color,30,21,14,0,1,0
7.9,2015,22,2.35,Color,35,18,11,0,0,0
6.4,2005,13,2.35,Color,14,18,10,0,0,1
6.2,2012,10,2.35,Color,6,18,11,0,0,1
6.4,2013,16,2.35,Color,23,17,13,0,0,0
5.5,2011,9,2.35,Color,35,12,14,0,0,0
7.6,1988,12,1.85,Color,28,18,14,0,0,0
6.8,2001,9,2.35,Color,23,21,11,0,0,0
7,1943,15,1.37,Black and White,25,25,13,0,0,0
8.1,1976,7,1.85,Color,13,25,13,0,1,0
6.2,2006,15,2.35,Color,29,18,14,0,0,0
9.2,1972,13,1.85,Color,11,18,9,0,0,0
6.4,2013,7,2.35,Color,22,9,10,0,0,0
6.2,2015,20,2.35,Color,28,9,13,0,1,0
6.1,2012,11,2.35,Color,15,13,15,0,0,0
7.9,1990,5,1.85,Color,17,16,17,0,0,0
6.1,2007,14,2.35,Color,20,11,12,0,1,0
6.5,2010,17,2.35,Color,21,18,13,0,0,0
8.3,1989,34,2.35,Color,24,18,13,0,0,0
6.3,2010,12,2.35,Color,20,14,15,0,0,0
5.4,2008,9,2.35,Color,35,21,10,0,0,0
8.1,1958,21,1.85,Color,13,25,9,0,0,0
4.9,2011,16,2.35,Color,39,20,13,0,0,1
6.3,1999,17,1.85,Color,12,12,12,0,0,0
7.1,2005,16,1.85,Color,21,33,12,0,0,0
7.3,2002,16,2.35,Color,29,29,12,0,1,0
6.2,2006,14,2.35,Color,20,16,22,0,0,0
6.3,2002,10,1.85,Color,12,50,19,0,0,0
7.7,1992,9,1.85,Color,31,12,17,0,1,0
7.1,2004,25,2.35,Color,5,10,14,0,0,0
7.2,1993,16,1.85,Color,13,13,12,0,1,0
6.3,1989,12,2.35,Color,28,12,18,0,0,1
6.9,1998,11,1.85,Color,11,35,17,0,0,0
7,2014,18,2.39,Color,21,35,8,0,0,0
5.3,2016,8,1.85,Color,6,18,14,0,0,0
8.8,1994,12,2.35,Black and White,12,18,9,0,0,0
8.5,1979,5,2.35,Color,13,21,12,0,0,0
6,2001,16,1.85,Color,14,30,13,0,0,0
2.5,1999,13,1.85,Color,26,16,15,0,0,0
5.8,2009,5,1.85,Color,22,9,13,0,0,0
6.9,1998,11,1.85,Color,19,20,12,0,0,0
5.6,1996,14,1.85,Color,28,21,12,0,0,0
6.7,1984,14,1.85,Color,6,17,16,0,0,0
5.4,2014,9,2.35,Color,14,12,13,0,0,0
6.7,2016,16,2.35,Color,31,24,13,0,0,0
6.2,2014,10,2.35,Color,27,18,12,0,0,0
6.2,2009,7,2.35,Color,29,20,12,0,0,0
5.5,1999,9,1.85,Color,22,23,17,0,0,0
5.6,2000,8,1.85,Color,12,20,14,0,0,0
7,1990,5,1.85,Color,30,18,10,0,0,0
4.3,2013,8,1.85,Color,6,32,12,0,0,0
6,1999,13,2.35,Color,35,15,10,0,0,0
5.9,2004,16,1.85,Color,14,18,22,0,0,0
6.6,2005,37,2.35,Color,27,12,10,0,0,0
6.6,1992,30,1.85,Color,23,21,15,0,1,0
6.5,1944,14,1.37,Color,14,25,15,0,0,0
6.9,1993,14,2.35,Color,27,21,14,0,1,0
5.6,2007,22,1.85,Color,12,9,17,0,0,0
8.3,2004,37,1.85,Color,28,14,12,0,0,0
8.2,2006,14,2.35,Color,21,12,15,0,0,0
5.2,1978,7,1.85,Color,38,18,10,0,0,0
6.6,1999,19,2.35,Color,27,15,14,0,0,0
7,1986,6,2.35,Color,38,24,9,0,0,0
6.5,2014,13,1.85,Color,6,21,10,0,0,0
5.6,1997,31,2.35,Color,23,29,11,0,0,0
5.4,2001,8,1.85,Color,37,15,14,0,0,0
7.9,2004,12,2.35,Color,13,15,12,0,0,0
6.1,2004,5,1.85,Color,30,18,14,0,0,0
6.2,2011,9,1.85,Color,28,9,9,0,0,0
7.3,2014,11,1.85,Color,12,21,11,0,0,0
7.3,2013,15,2.35,Color,11,14,17,0,0,1
5.2,2012,4,1.85,Color,20,14,12,0,0,0
6.1,2015,12,1.85,Color,13,18,12,0,0,1
6.5,2014,11,2.35,Color,20,20,10,0,1,0
6.8,2005,10,1.85,Color,6,16,13,0,0,0
4.5,1988,15,1.85,Color,15,25,12,0,0,0
3.3,2003,47,1.85,Color,9,22,10,0,0,0
7.8,2008,9,1.85,Color,25,14,20,0,0,0
5.5,2001,20,2.35,Color,22,18,13,0,1,0
6.2,2005,8,2.35,Color,30,20,16,0,0,0
6.2,2006,7,1.85,Color,14,9,15,0,0,0
7.4,2009,19,2.35,Color,20,14,13,0,0,0
7.1,1999,11,2.35,Color,33,12,10,0,0,0
6.9,1997,9,2.35,Color,35,18,16,0,0,0
6.6,1954,12,2.55,Color,13,21,12,0,0,0
7.8,2014,22,1.85,Color,13,17,16,0,0,0
6.8,2013,7,2.35,Color,12,12,13,0,0,0
6.8,1997,24,1.85,Color,22,13,14,1,0,0
7.2,2009,14,1.85,Color,14,10,11,0,0,0
7.6,1987,10,1.85,Color,6,14,10,0,0,0
6.8,2004,18,1.85,Color,20,21,15,0,0,0
6.1,1998,12,1.85,Black and White,12,20,12,0,1,0
7.4,1980,10,1.85,Color,12,14,11,0,0,0
7.1,1993,5,1.85,Color,34,20,15,0,0,0
6.5,2006,41,1.85,Color,23,12,17,0,0,0
7.2,2004,37,1.85,Color,6,23,13,0,0,0
5.1,1989,25,1.33,Color,27,19,13,0,0,0
6.2,2010,6,2.35,Color,21,11,11,0,0,0
7.1,2009,8,2.35,Color,14,16,15,0,0,1
7.4,2007,19,2.35,Color,29,29,12,0,0,0
7.5,2002,11,2.35,Color,28,7,14,0,0,1
5.4,2002,19,2.35,Color,20,12,18,0,0,0
6.9,1989,32,2.35,Color,29,14,12,0,0,0
7.8,1987,8,1.85,Color,20,21,11,0,0,0
6.1,2004,21,2.35,Color,31,21,12,0,0,1
8.2,1940,18,1.37,Color,25,25,15,0,0,0
4.3,1994,18,1.85,Color,20,16,11,0,0,0
8.1,1983,17,1.85,Color,13,28,9,0,1,0
5.5,1986,29,1.85,Color,13,24,12,0,0,0
7,1985,9,2.35,Color,30,12,17,0,0,0
5.3,2013,15,2.35,Color,11,29,12,0,0,0
6.6,1995,7,2.35,Color,28,12,16,0,0,0
4.5,1989,48,1.85,Color,16,18,11,0,0,0
5.8,2015,10,2.35,Color,35,20,12,0,0,0
5.5,2007,19,2.35,Color,28,25,16,0,0,0
6.4,2016,13,1.85,Color,14,18,18,0,0,0
6.9,2002,14,1.85,Color,13,22,13,0,0,0
6.6,1999,13,1.85,Color,28,20,12,0,0,0
6.3,2008,16,2.35,Color,9,22,15,0,0,1
8.1,2001,13,1.85,Color,14,35,15,0,0,0
7.6,2014,13,2.35,Color,35,19,13,0,0,0
6.9,2002,31,2.35,Color,20,28,11,1,0,0
6.7,2009,12,2.35,Color,20,35,13,0,0,0
7.3,2012,30,2.35,Color,12,24,13,0,0,0
6.7,2013,20,2.35,Color,12,18,16,0,1,0
7.7,1999,14,1.85,Color,27,16,24,0,0,0
6.4,1996,10,2.35,Color,28,20,13,0,0,0
6.5,2013,13,2.35,Color,27,9,14,0,0,0
6.4,2012,8,1.85,Color,16,24,12,0,1,0
7,2005,4,2.35,Color,21,29,14,0,1,0
6.1,2008,10,2.35,Color,12,35,16,0,0,0
7.4,2002,18,2.35,Color,13,12,13,0,0,0
7.6,2009,4,1.85,Color,23,14,12,0,0,0
8.7,1990,10,1.85,Color,21,12,14,0,0,0
6.5,2006,5,1.66,Color,12,14,15,0,0,0
7,2006,16,2.35,Color,15,11,13,0,0,0
6.8,1987,8,1.85,Color,21,29,12,0,0,0
8,2002,21,1.85,Black and White,23,25,13,0,1,0
6.1,2007,10,2.35,Color,15,23,9,0,0,0
5.8,2011,21,1.85,Color,6,18,14,0,0,0
8.3,1998,17,1.85,Color,5,7,14,0,0,0
7.8,2003,19,1.85,Color,5,14,18,0,0,0
7.7,2011,5,1.85,Color,20,9,20,0,0,0
6.6,2015,14,2.35,Color,5,9,13,0,0,0
6.4,2001,8,1.85,Black and White,28,29,8,0,0,0
7.5,1983,14,1.85,Color,6,18,10,0,0,0
5,2008,13,1.85,Color,15,21,15,0,0,0
6.3,1996,11,1.85,Color,26,18,13,0,0,0
7.5,1992,15,1.85,Color,12,21,11,0,0,0
9,1974,22,1.85,Color,11,18,14,0,0,1
5.7,2014,14,2.35,Color,20,19,12,0,0,0
6,1991,55,1.85,Color,37,15,10,0,0,0
6.5,1998,11,2.35,Color,28,20,11,0,0,0
7.2,1995,8,1.85,Color,14,21,12,0,0,0
6.9,2000,12,1.85,Color,12,7,14,0,0,0
5.2,2008,8,2.35,Color,21,20,15,0,1,0
6.3,2004,14,1.85,Color,29,7,13,1,0,0
5.7,2013,9,2.35,Color,20,14,8,0,0,0
8.9,1967,30,2.35,Color,7,14,14,0,0,1
6.7,1999,12,1.85,Color,12,12,14,0,0,0
7.1,2013,19,2.35,Color,20,12,16,0,0,0
6.9,1986,22,1.85,Color,28,12,11,0,0,1
6.2,1995,16,1.85,Color,20,27,15,0,0,0
7.5,2015,5,2.35,Color,23,18,13,0,0,0
6.9,1999,18,1.85,Color,16,22,11,0,0,0
6.2,1988,12,1.85,Color,20,26,13,0,0,0
6.5,2010,11,2.35,Color,29,21,12,0,0,0
8,1997,11,1.85,Color,5,7,13,1,0,0
7.5,2015,8,2.35,Color,11,21,15,0,0,0
7.1,2009,10,2.35,Color,20,14,16,0,0,0
8.1,2014,18,2.35,Color,28,29,20,0,0,1
6.6,2008,41,1.85,Color,16,12,14,0,0,0
5.3,2007,14,2.35,Color,14,12,14,0,0,0
6.4,1994,34,1.85,Color,12,18,14,0,0,0
6.9,2015,10,2.35,Color,14,11,12,0,0,0
7.6,2013,9,1.85,Color,15,21,12,0,1,0
5.3,1986,25,2.35,Color,23,12,16,0,0,0
7.1,1996,15,1.85,Black and White,28,15,12,0,0,0
8.9,1994,16,1.85,Black and White,23,18,11,0,0,0
7,1998,30,2.35,Color,20,21,15,0,0,0
6.4,2010,20,1.85,Color,13,23,17,0,0,0
6.5,1988,12,1.85,Color,14,14,15,0,1,0
7.4,2006,14,2.35,Color,27,15,11,0,0,0
6.6,2016,20,2.35,Color,19,12,14,0,0,0
6.6,1995,8,1.85,Color,21,12,12,0,0,0
8.4,1980,11,1.37,Color,12,12,16,0,0,0
8.5,1979,14,2.35,Color,9,14,13,0,0,0
6.4,2013,14,2.35,Color,21,9,12,0,0,0
7.1,2011,11,1.85,Color,24,15,12,0,0,0
8.3,1980,11,1.85,Black and White,21,14,14,0,0,1
7.2,2003,14,2.35,Color,20,22,22,0,0,0
6.5,2000,16,1.85,Color,12,12,12,0,0,0
7.3,2000,14,1.85,Color,5,18,12,0,0,0
7.4,2005,23,1.85,Color,12,20,15,0,0,1
7.8,1996,6,2.2,Color,5,12,14,0,0,0
6.1,2004,14,1.85,Color,22,29,15,0,0,0
5.6,2013,13,2.35,Color,14,21,17,0,0,0
6.5,2013,6,2.35,Color,21,10,14,0,0,0
7.3,2009,8,1.85,Color,5,13,8,0,1,0
8.6,1995,5,2.35,Color,28,15,14,0,0,0
7.2,2010,13,1.85,Color,5,16,17,0,0,0
7.5,2003,22,2.35,Color,20,10,12,0,0,0
6.6,1999,14,1.85,Color,5,27,13,0,0,0
6.1,1994,15,1.85,Color,12,20,13,0,0,0
5,2013,18,1.85,Color,11,11,11,0,0,0
6.5,2010,22,1.85,Color,5,43,13,0,0,0
7.3,2003,8,2.35,Color,16,29,11,0,0,0
6.4,1987,20,2.35,Color,28,18,14,0,0,0
6.3,1976,22,2.35,Color,27,24,13,0,0,0
5.1,2002,33,1.85,Color,37,15,13,0,0,0
6.6,1995,21,1.85,Color,20,18,17,0,1,0
6.2,1990,10,1.37,Color,20,21,12,0,1,0
6.9,2015,9,1.66,Color,7,12,18,0,0,0
5.4,2001,13,1.85,Color,14,18,16,0,0,0
7.1,2003,31,2.35,Color,45,7,10,1,0,0
6,1996,12,2.35,Color,21,21,12,0,0,0
7.2,2007,8,1.85,Color,6,25,10,0,1,0
6.5,1999,20,2.35,Color,19,18,12,0,0,0
7.4,2001,11,1.85,Color,12,14,18,0,0,0
5.1,2002,9,1.85,Color,27,21,11,0,0,0
4.7,2006,5,2.35,Color,28,15,15,0,0,0
6,2008,19,2.35,Color,31,8,20,0,0,0
7.9,1984,15,1.85,Color,23,12,12,0,0,0
6.5,2013,9,2.35,Color,27,20,13,0,1,0
5.2,2001,19,2.35,Color,14,33,19,0,0,0
5.6,1996,9,2.35,Color,14,29,20,0,0,0
7.2,2010,15,2.35,Color,20,24,15,0,0,0
7.5,1984,25,1.85,Color,6,15,11,0,1,0
7.2,2010,11,1.85,Color,13,20,16,0,0,0
2.7,2006,10,1.85,Color,14,21,15,0,0,0
6.3,1979,9,2.35,Color,32,14,16,0,0,0
4.4,2002,7,1.85,Color,29,15,12,0,0,0
8,1975,4,2.35,Color,24,18,12,0,0,0
7,2008,16,1.85,Color,20,34,17,0,0,0
7.8,2009,12,2.35,Color,6,12,14,0,0,0
7.2,1993,20,2.35,Color,13,29,16,0,0,0
5.5,2005,23,2.35,Color,20,9,12,0,0,0
6,2010,4,1.85,Color,21,21,15,0,0,0
7.8,1993,12,1.85,Color,45,12,13,0,0,0
5.5,2000,21,1.37,Color,14,35,15,0,0,1
6.4,2008,10,2.35,Color,22,18,13,0,0,0
7.3,1988,3,1.85,Color,35,21,9,0,0,0
6.7,2013,15,2.35,Color,14,29,14,0,0,0
5.6,2006,16,1.85,Color,20,29,10,0,0,0
7.5,1993,17,1.85,Color,20,15,18,0,0,0
6.1,2016,24,2.35,Color,29,18,12,0,0,0
5.7,1980,15,1.85,Color,23,29,14,0,0,0
7,2013,6,2.35,Color,28,24,14,0,0,0
8.1,1976,5,1.33,Color,11,14,18,0,0,1
8,2004,17,2.35,Color,13,14,18,0,0,0
6.8,2008,12,2.35,Color,27,24,12,0,0,0
7.3,2007,7,2.35,Color,14,22,12,0,0,0
6.6,1989,10,2.35,Color,21,18,12,0,0,0
8.3,1984,7,2.35,Color,29,14,13,0,0,0
7.3,1994,19,1.85,Black and White,14,12,20,0,0,0
7.5,2011,11,1.85,Color,23,20,15,0,0,0
7.7,2004,20,1.85,Color,15,26,12,0,0,0
7.3,2006,11,2.35,Color,22,20,11,0,0,0
5,2005,22,2.35,Color,27,18,7,0,1,0
6.1,2012,11,2.35,Color,21,10,14,0,0,0
3,2010,15,1.85,Color,20,13,12,0,0,0
6.5,2004,8,2.35,Color,21,15,13,0,0,0
6.5,2010,20,2.35,Color,15,10,14,0,0,0
6.9,2009,7,2.35,Color,11,21,12,0,0,0
6.5,2004,9,1.85,Color,21,20,11,0,0,0
6.3,2016,8,2.35,Color,27,29,12,0,0,0
6.6,2000,21,1.85,Color,12,16,14,0,0,0
6,2008,18,2.35,Color,27,9,10,0,0,1
6.4,2009,8,2.35,Color,35,15,13,0,0,0
7,1986,18,1.85,Color,11,20,10,0,0,0
7,2002,6,2.35,Color,11,18,12,0,1,0
6.6,2013,10,2.35,Color,14,13,14,0,1,0
7,2001,7,1.85,Color,15,22,10,0,0,0
6.5,2008,11,1.85,Color,27,16,11,0,0,0
6.7,2006,13,1.85,Color,11,15,13,0,0,0
5.4,1996,12,2.35,Color,37,29,18,0,0,0
7,1992,13,1.85,Color,12,18,11,0,0,0
4.9,2003,9,1.85,Color,6,44,13,0,0,0
7.6,2001,13,2.35,Black and White,21,21,13,0,0,0
6.6,2014,13,2.35,Color,6,29,12,0,0,1
7.5,2005,21,1.85,Color,30,14,14,0,0,0
6,1996,13,2.35,Color,21,29,17,0,0,0
7.9,1994,7,1.85,Black and White,22,20,11,0,0,0
4.8,1993,32,1.85,Color,45,15,11,0,0,0
6.4,2001,14,1.85,Color,22,7,12,0,0,1
7.1,1983,8,1.85,Color,15,28,17,0,0,0
6.4,2010,9,2.35,Color,32,21,12,0,0,0
7.2,1994,5,2.35,Color,31,21,12,0,0,0
6.8,2013,18,2.35,Color,20,25,14,0,0,1
7.2,2008,12,1.85,Color,11,9,17,0,0,0
8.3,1963,16,2.35,Color,36,14,12,0,0,0
6.1,2002,17,1.85,Color,22,12,12,0,0,0
4.8,2010,15,2.35,Color,23,5,12,0,0,0
7.5,1995,19,1.85,Color,25,16,15,0,0,0
5.1,2002,9,1.85,Color,29,33,12,0,0,0
7.2,1984,8,2.2,Color,21,12,12,0,0,0
5.7,2000,14,2.35,Color,31,12,13,0,0,0
5.9,1971,5,2.35,Color,21,25,14,0,0,0
6.9,1997,16,1.33,Color,39,12,14,0,0,0
6.2,2008,22,1.85,Color,27,20,14,0,0,0
6.2,2001,14,2.35,Color,14,50,16,0,0,0
8,1971,19,2.35,Color,28,14,5,0,1,0
7,2005,7,2.35,Color,14,12,10,0,0,1
3.6,1987,32,2.35,Color,30,12,13,0,0,0
6.9,2014,9,2.35,Color,5,18,12,0,0,0
7.7,2006,18,1.85,Color,13,14,15,0,0,0
6.9,1999,8,1.85,Color,20,18,9,0,0,0
8.5,2012,7,2.35,Color,17,12,22,0,0,0
7.6,2015,7,2.39,Color,35,9,13,0,0,0
7,2008,17,2.35,Color,19,29,12,0,0,0
6.8,1996,14,2.35,Color,13,21,17,0,1,0
4.5,2015,17,1.85,Color,15,9,14,0,0,0
7.2,1985,13,1.85,Color,23,18,12,0,0,1
7.3,2012,6,2.35,Color,14,18,17,0,1,0
5.8,2008,5,1.85,Color,14,9,10,0,0,0
6.8,1991,7,1.85,Color,27,29,15,0,1,0
7,2010,9,1.85,Color,13,15,14,0,0,0
6.5,2011,12,2.35,Color,21,20,13,0,0,0
5.7,1984,15,1.85,Color,38,28,15,0,0,0
6.1,2016,16,2.35,Color,14,12,11,0,0,0
6.3,2007,16,1.85,Color,14,19,9,0,0,0
8,1970,6,2.2,Color,19,21,15,0,0,0
4,2015,15,1.85,Color,14,7,15,0,0,0
6.5,2007,5,2.35,Color,22,25,18,0,1,0
8.5,1964,68,1.66,Black and White,6,29,15,0,0,0
4.6,2000,19,2.35,Color,31,15,19,0,0,0
4.1,2001,25,1.85,Color,40,24,13,0,0,0
6.6,2015,13,2.35,Color,27,12,11,0,0,0
5.3,1996,27,2.35,Color,32,15,13,0,0,0
6.6,2002,16,1.85,Color,14,13,11,0,0,0
6.3,2003,13,1.85,Color,30,16,15,0,0,0
6.1,2010,18,2.35,Color,22,17,10,0,0,0
5.7,2006,7,1.85,Color,13,25,16,0,0,0
6.4,2006,16,1.85,Color,31,29,13,0,0,0
7.5,1988,11,1.85,Color,14,12,16,0,0,0
7.6,2011,9,1.85,Color,34,24,12,0,0,0
6.7,2013,10,2.35,Color,22,24,11,0,0,0
6.1,2003,11,2.35,Color,27,15,10,0,0,0
4.5,2008,34,1.85,Color,41,35,13,0,0,0
8.4,2000,19,1.37,Color,5,21,13,0,0,1
7.7,2003,13,2.35,Color,20,18,11,0,1,0
7.6,2003,16,1.85,Color,19,15,17,0,0,0
7.3,1984,17,1.85,Color,19,18,14,0,0,1
6.2,1985,26,2.35,Color,32,12,11,0,0,0
8,2003,12,2.35,Color,28,12,10,0,0,0
5.6,2003,11,1.85,Color,14,25,13,0,0,0
7.8,1992,24,2.35,Color,34,21,9,0,0,0
8.6,1991,24,1.85,Color,27,14,15,0,0,0
7.4,1997,19,1.85,Color,36,33,13,0,0,0
7,2013,17,2.35,Color,12,12,11,0,0,0
4.9,2014,5,1.85,Color,6,12,9,0,0,0
5.2,2003,13,2.35,Color,21,16,12,0,0,0
7.5,2008,20,2.35,Color,20,20,22,0,1,0
5.3,2003,24,2.35,Color,37,33,14,0,0,0
7.6,2011,9,1.85,Color,21,29,22,0,0,0
7.4,1961,11,1.66,Black and White,21,14,16,0,0,0
7,2003,10,2.35,Color,23,11,12,0,0,0
7.8,1989,26,1.85,Color,23,18,12,0,1,0
4.4,1996,24,2.35,Color,22,15,13,0,0,0
7,2006,5,2.35,Color,13,21,15,0,1,0
7,2011,7,2.35,Color,13,14,13,0,0,0
6.3,2006,8,2.35,Color,6,12,10,0,0,0
5.6,2012,8,1.85,Color,12,30,12,0,0,0
7,1988,8,1.85,Color,20,18,11,0,1,0
7.7,1977,34,2.35,Color,12,29,11,0,0,1
7.2,2000,19,1.85,Color,13,20,13,0,0,0
5.7,2014,20,2.35,Color,14,11,12,0,0,0
7.4,2006,6,2.35,Color,21,50,22,0,0,0
5.9,2011,9,2.35,Color,14,15,13,0,0,0
5.8,1995,7,1.85,Color,35,29,10,0,0,0
6.6,2006,9,2.35,Color,27,12,12,0,0,0
5.9,2001,7,2.35,Color,22,29,13,0,1,0
6.3,1997,8,1.85,Color,6,18,11,0,0,0
6.6,2012,29,1.85,Color,27,35,15,0,0,0
7,2015,7,2.35,Color,21,16,10,0,0,0
6.6,1992,5,2.35,Color,21,21,12,0,0,1
7.2,2015,18,2.35,Color,21,9,13,0,0,0
6.8,2007,22,2.35,Color,11,28,12,0,0,0
6.4,2003,4,1.85,Color,27,22,11,0,0,0
6,2002,38,2.35,Color,5,12,13,0,0,0
5.8,2003,16,2.35,Color,22,15,18,0,0,0
5.8,2014,13,1.85,Color,23,16,8,0,0,0
7.5,1973,17,2.35,Color,18,18,13,0,0,0
6.8,2006,21,2.35,Color,40,11,12,0,0,0
6,2008,12,2.35,Color,31,20,13,0,0,0
6.8,1969,31,2.35,Color,25,14,13,0,0,1
5.5,2011,14,2.35,Color,6,14,11,0,0,0
6.6,2011,25,1.85,Color,36,29,13,0,0,0
7.9,2005,5,2.35,Color,20,14,11,0,0,0
7.1,2005,6,2.35,Black and White,15,24,11,0,0,0
6.3,1995,30,2.35,Color,16,12,12,0,0,1
6.8,2007,4,2.35,Black and White,26,9,11,0,0,0
8.5,1960,6,1.85,Black and White,23,18,11,0,0,0
6.1,1997,8,2.35,Color,14,15,9,0,0,1
6.5,2005,18,2.35,Color,22,9,14,0,0,0
4.6,2008,7,1.85,Color,6,25,10,0,0,0
6.4,2013,12,2.35,Color,12,26,11,0,1,0
7.3,2008,32,2.35,Color,37,9,14,0,0,0
5.7,2006,8,2.35,Color,27,21,11,0,0,0
7.5,2016,13,1.85,Color,34,23,12,0,0,0
5.6,2011,13,2.35,Color,16,16,13,0,0,0
6.4,1994,18,2.35,Color,12,14,14,0,0,0
5.8,2003,20,1.85,Color,13,21,11,0,0,1
4.1,2001,11,1.85,Color,21,7,13,0,0,0
6.4,1979,29,2.35,Color,24,18,13,0,0,1
6.9,2005,12,2.35,Color,11,16,11,0,0,0
6.9,1992,11,2.35,Color,5,29,12,0,0,0
7.7,2004,3,1.85,Color,21,18,15,0,0,0
6,2017,14,1.85,Color,20,13,8,0,0,0
6.1,2001,10,2.35,Color,27,15,14,0,0,0
5.8,1995,7,2.35,Color,29,27,18,0,0,0
7.2,2012,17,1.85,Color,21,21,13,0,0,0
7.9,2006,20,2.35,Color,12,24,12,0,0,0
7.1,1980,15,2.35,Color,24,17,15,0,0,0
5.1,2015,22,1.85,Color,13,18,10,0,0,0
3.7,1997,27,1.85,Color,40,15,14,0,1,0
7.5,1999,9,1.85,Color,23,21,12,0,0,0
5.1,1995,4,1.85,Color,20,18,13,0,0,0
6,2005,20,1.85,Color,19,21,8,0,0,0
6.2,1984,6,1.85,Color,22,20,9,0,0,0
6.5,1989,10,2.35,Color,15,14,11,0,0,0
7.8,1999,12,1.85,Black and White,11,22,16,0,0,0
4.4,2006,11,1.85,Color,29,3,14,0,0,0
7,1999,14,1.85,Color,23,21,15,0,0,0
4.4,2010,7,2.35,Color,22,29,11,0,1,0
7.4,2002,15,1.85,Color,20,14,16,0,0,0
7.8,1999,20,1.85,Color,20,9,13,0,0,1
6.9,2009,19,1.85,Color,5,26,20,0,0,0
1.9,2004,28,2.35,Color,20,23,10,0,0,0
7.2,1989,24,1.85,Color,5,32,15,0,0,0
5.2,2009,20,1.85,Color,19,29,11,0,0,0
6.9,2011,8,2.35,Color,14,14,13,1,0,0
6.6,2007,16,2.35,Color,6,21,12,0,0,0
4.8,2012,26,1.85,Color,18,9,9,0,0,0
6.3,2008,12,1.85,Color,19,22,19,0,0,0
8.7,1975,31,1.85,Color,5,14,16,0,1,0
3.3,2011,31,1.85,Color,6,29,11,0,0,0
7.4,1999,17,2.35,Color,6,12,13,0,0,0
4.6,1982,34,2.35,Color,21,18,10,0,0,0
6.2,2007,15,2.35,Color,18,25,12,0,1,0
6,2015,8,1.85,Color,12,21,12,0,0,0
7.8,1964,12,1.66,Color,29,32,7,0,0,0
8.6,1995,18,2.35,Color,28,21,12,0,0,0
6.5,1993,17,2.35,Color,28,12,17,0,0,1
8,1991,3,2.35,Black and White,22,12,14,0,0,1
5,2002,7,2.35,Color,14,21,17,0,0,0
5.7,2008,17,1.85,Color,6,16,10,0,0,0
7.8,1974,15,2.35,Color,14,12,13,0,0,0
8.5,1985,18,1.18,Color,23,18,12,0,0,0
6.5,2011,8,1.85,Color,5,24,10,0,0,0
7.7,2010,7,1.85,Color,20,12,16,0,0,0
6.9,2005,13,2.35,Color,35,18,12,0,0,0
6.3,2013,14,1.85,Color,28,24,18,0,0,0
6.9,1981,28,2.35,Color,6,21,13,0,0,0
6.8,1995,8,1.85,Color,14,18,13,0,0,0
7.9,2006,26,2.35,Color,21,17,15,0,0,0
7.6,2004,21,1.85,Color,5,12,14,0,0,0
7.2,1983,13,2.35,Color,11,12,10,0,0,0
6.5,1996,19,1.85,Color,16,12,15,0,0,1
7.4,1996,14,2.35,Color,20,12,12,0,0,0
6,2011,19,1.85,Color,14,21,11,0,0,0
7.8,1987,12,1.85,Color,30,29,9,0,0,0
5.9,2004,17,1.85,Color,21,16,12,0,0,0
7,2004,10,1.85,Color,6,18,8,0,0,0
7.9,2009,4,2.35,Color,20,11,12,0,0,0
7.5,1996,8,2.35,Black and White,20,12,14,0,0,0
7.2,2012,14,2.35,Color,19,25,14,0,0,0
5.7,2007,18,1.85,Color,19,19,14,0,0,0
4.1,2009,26,1.85,Color,12,9,15,0,0,0
7.5,1995,29,1.85,Color,13,12,14,0,0,0
3.9,1993,9,1.85,Color,28,16,11,0,1,0
7.5,2007,15,1.85,Color,21,18,14,0,0,0
6.2,1997,8,2.35,Color,20,12,12,0,1,0
7.6,2000,13,1.85,Color,26,20,10,0,0,0
5.5,2009,19,1.85,Color,15,21,13,0,0,0
7.6,2003,16,1.85,Color,28,24,12,0,0,0
6.2,2009,19,1.85,Color,28,23,13,0,0,0
7.2,2013,23,1.85,Color,15,29,13,0,0,0
6.1,2008,16,2.35,Color,20,11,13,0,0,0
7.1,1996,13,1.85,Color,18,23,13,0,0,0
6.8,2002,14,1.85,Color,14,24,14,0,0,0
5.5,2004,19,1.85,Color,21,12,12,0,0,0
2.7,2009,21,2.35,Color,40,21,9,0,0,0
6.6,2004,13,2.35,Color,16,29,11,0,0,0
6.6,1995,12,2.35,Color,38,30,15,0,0,0
6.3,2007,4,2.35,Color,55,21,11,0,0,0
3.8,1999,15,2.35,Color,21,18,14,0,0,0
4.6,2015,20,2.35,Color,5,20,18,0,0,0
7.3,2015,4,2.35,Color,18,43,14,0,0,0
7.1,2014,14,2.35,Color,19,29,14,0,0,0
7.5,2003,18,2.35,Color,33,12,11,0,0,0
6,2008,8,2.35,Color,22,21,11,0,0,0
6.3,1985,16,2.35,Color,25,28,14,0,0,0
7.5,2013,13,2.35,Color,23,15,13,0,0,0
5.3,2014,16,2.35,Color,20,17,11,0,1,0
4.9,2000,11,1.85,Color,20,7,14,0,0,0
7.3,1999,8,2.35,Color,12,18,17,0,0,0
7.3,2011,5,2.35,Color,5,12,18,0,0,0
6.2,2006,18,1.85,Color,13,17,16,0,0,0
6.4,2014,4,2.35,Color,22,28,18,0,0,0
7,1999,20,2.35,Color,23,29,12,0,0,0
7,2002,10,2.35,Color,18,20,12,0,0,0
7.7,1992,26,1.85,Color,35,20,17,0,0,1
6.7,2008,15,1.85,Color,20,15,13,0,0,0
7.3,2006,83,1.85,Color,6,21,7,0,1,0
5.9,2000,11,1.85,Color,12,18,13,0,0,0
5.5,2000,17,1.85,Color,20,24,12,0,0,0
6.1,2014,18,1.85,Color,23,18,11,0,0,0
7,2011,4,2.35,Color,23,18,9,0,0,0
7.1,2006,16,1.85,Color,39,33,17,0,0,0
5.3,2009,23,1.85,Color,14,21,9,0,0,0
6.8,1995,4,1.85,Color,19,18,16,0,0,0
5.4,2009,14,1.85,Color,13,18,11,0,0,0
7,2007,10,1.85,Color,14,18,12,0,0,0
7.3,1999,23,1.85,Color,20,7,22,1,0,1
7.2,2003,4,1.85,Color,28,16,12,0,0,0
5.5,1998,12,2.35,Color,23,16,11,0,0,0
6.4,1994,16,1.85,Color,27,20,14,0,1,0
6.6,2008,21,2.35,Color,24,16,6,0,0,0
5.9,2005,14,2.35,Color,14,12,17,0,0,0
5.9,2008,21,1.85,Color,14,21,9,0,0,0
5.4,1989,31,2.35,Color,32,18,13,0,0,0
7.1,1998,28,1.85,Color,14,21,15,0,0,0
6.5,2014,7,1.85,Color,14,17,12,0,0,0
5.7,1993,14,1.85,Color,20,12,13,0,1,0
8.1,2005,12,2.35,Color,17,14,11,0,0,0
5.7,2000,7,1.85,Color,20,29,11,0,0,0
5.6,2002,11,2.35,Color,18,13,13,0,0,0
7.7,2006,28,1.75,Color,11,14,13,0,0,0
6.5,2009,17,2.35,Color,26,17,15,0,0,0
6.3,2005,13,2.35,Color,21,10,13,0,0,0
6.5,2002,13,1.85,Color,13,24,15,0,0,0
3.3,1994,33,1.85,Color,12,12,15,0,0,0
7.1,2012,10,1.85,Color,5,21,11,0,0,0
6.9,1999,16,1.85,Color,13,29,21,0,0,0
5.9,2007,11,2.35,Color,22,25,8,0,0,0
5.8,2006,12,1.85,Color,20,18,11,0,0,0
6.6,2006,10,1.85,Color,5,9,18,0,0,0
3.8,1994,14,2.35,Color,32,18,11,0,0,1
8.1,2005,19,2.35,Color,11,12,14,0,0,0
8,2008,9,2.35,Color,18,14,20,0,0,0
7.6,2009,15,1.85,Color,26,16,13,0,0,0
6.4,1992,16,1.85,Color,25,33,10,0,0,0
7.5,2013,17,1.85,Color,23,43,13,0,0,0
7.6,2003,11,2.35,Color,12,15,20,0,0,0
5.9,1995,26,1.85,Color,20,18,12,0,0,0
5.6,2005,19,2.35,Color,27,18,15,0,0,0
7.3,1985,29,1.85,Color,20,14,14,0,0,0
7.8,2013,10,2.35,Color,21,18,10,0,1,0
5.2,2009,21,2.35,Color,6,22,12,0,0,0
5.6,2005,10,2.35,Color,21,20,13,0,0,0
7.2,2009,16,2.35,Color,15,7,14,1,0,1
5.4,2004,12,1.85,Color,12,29,13,0,0,0
6.2,2005,16,2.35,Black and White,6,10,10,0,0,0
7.7,2004,8,1.85,Color,5,14,11,0,0,0
8.1,1962,32,1.85,Black and White,13,18,10,0,0,0
5.7,2015,14,2.35,Color,18,12,10,0,0,0
6.4,2004,11,2.35,Color,29,7,9,0,0,0
6.3,2000,8,2.35,Color,22,15,11,0,0,0
6.4,2009,22,1.85,Color,22,34,15,0,0,0
6.4,2012,9,2.35,Color,22,24,10,0,0,0
4.6,2012,21,1.85,Color,6,18,12,0,0,0
2.3,1998,21,1.85,Color,6,16,13,0,0,0
7.3,1988,21,1.85,Color,26,20,14,0,0,0
6.3,2013,33,2.35,Color,6,18,13,0,0,1
8,2004,17,2.35,Black and White,27,7,13,1,0,0
5.7,2013,14,2.35,Color,12,18,11,0,0,0
7.1,2015,7,2.35,Color,48,18,13,0,0,0
6.1,2002,18,2.35,Color,14,30,11,0,0,0
8.2,1982,9,2.35,Color,21,18,15,0,0,0
4.8,2007,21,1.78,Color,41,14,13,0,0,0
7.8,2012,23,2.35,Color,20,21,17,0,0,1
6.2,2008,25,2.35,Color,20,23,12,0,0,0
6.8,2007,9,2.35,Color,14,15,12,0,0,0
6.4,2015,15,2.35,Color,15,18,10,0,0,0
6.8,1978,13,2.35,Color,22,12,16,0,0,0
5.5,2009,8,2.35,Color,29,12,12,0,0,0
5.7,2010,15,1.85,Color,14,15,14,0,0,0
5.3,2013,7,1.85,Color,20,18,13,0,0,0
6.5,2000,9,1.85,Color,6,23,12,0,0,0
7.1,2011,17,2.35,Color,5,10,12,0,0,0
7.2,1982,16,1.85,Color,21,16,11,0,0,0
7.4,2006,15,2.35,Color,19,9,12,0,0,0
5.3,1996,5,1.85,Color,21,12,17,0,0,0
6.4,1994,13,1.85,Color,31,15,11,0,0,0
6.7,2006,12,2.35,Color,23,14,10,0,0,0
7.2,1997,14,1.85,Color,18,24,13,0,0,0
8.4,1999,15,2.35,Color,5,23,12,0,0,0
5.5,1991,13,1.85,Color,12,29,10,0,0,0
4.6,1986,15,1.85,Color,38,18,12,0,0,0
8.7,2015,22,2.35,Color,30,11,15,0,0,0
6.3,1998,9,1.66,Black and White,12,13,16,0,1,0
6.4,2012,18,2.35,Color,29,27,16,0,0,0
5.9,1987,26,1.85,Color,28,24,11,0,0,0
7.3,2014,24,2.35,Color,12,35,12,0,0,0
7.2,1954,28,1.37,Color,37,37,11,0,0,1
6.4,1981,10,1.85,Color,21,18,18,0,0,0
6.2,2006,8,2.35,Color,27,18,12,0,0,0
6.5,2002,11,1.85,Color,21,29,15,0,0,0
5,1981,29,2.35,Color,24,18,13,0,0,0
7.6,2002,14,1.85,Color,5,50,15,0,0,0
7.2,1998,14,2.35,Color,21,12,11,0,0,0
5.8,2003,17,2.35,Color,27,12,11,0,0,0
3.8,1998,3,2.35,Color,14,15,9,0,0,0
6.6,1997,27,1.85,Color,28,12,11,0,1,0
6.7,2010,17,2.35,Color,20,29,11,0,0,0
6.7,2008,10,1.85,Color,28,18,12,0,0,0
7.2,2002,17,2.35,Color,13,14,14,0,0,1
7.1,2007,8,1.85,Color,20,22,10,0,0,0
6.2,2013,11,2.35,Color,20,21,9,0,0,0
6.1,2012,23,2.35,Color,29,11,13,0,0,0
6.3,2007,3,2.35,Color,21,9,13,0,0,0
6.5,2013,11,2.35,Color,18,18,14,0,0,0
6.2,1998,22,1.85,Color,20,18,12,0,0,0
7.7,2001,12,2.35,Color,20,12,17,0,0,0
6.9,1985,15,1.85,Color,25,16,10,0,0,0
7.2,1978,6,2.35,Color,15,18,18,0,0,0
6.6,2006,11,2.35,Color,24,16,14,0,0,0
7,2007,11,2.35,Color,23,20,12,0,0,0
8.3,1994,11,1.33,Color,23,18,13,0,0,0
5.9,1986,10,1.85,Color,37,30,12,0,1,0
7.9,2001,30,2.35,Color,20,22,10,0,0,0
5.3,2012,12,2.35,Color,14,11,13,0,0,0
6.5,2014,8,2.35,Color,14,18,14,0,0,1
5.9,2004,33,2.35,Color,20,18,11,0,1,0
8.1,1969,34,2.35,Color,29,21,14,0,0,0
6,2000,9,2.35,Color,22,21,14,0,0,0
5.4,2007,15,2.35,Color,28,21,11,0,0,0
6.5,2002,12,1.85,Color,18,18,13,0,0,0
5.1,2008,13,2.35,Color,35,25,11,0,0,0
7.1,2011,7,2.35,Color,23,18,13,0,0,0
8,2009,10,1.85,Color,22,17,14,0,0,0
7.4,2005,31,1.85,Color,12,9,16,0,0,0
8,1993,19,1.66,Color,11,29,12,0,0,0
7,1997,43,2.35,Color,12,15,12,0,0,0
7.3,1985,10,2.35,Color,7,12,14,0,0,0
7.5,2007,58,2.35,Color,37,12,9,0,0,0
3.6,2011,18,1.78,Color,6,20,11,0,0,0
5.1,2000,15,2.35,Color,27,10,12,0,0,0
4.2,2006,4,1.85,Color,30,32,12,0,0,0
7.2,2007,20,1.85,Color,30,20,15,0,0,0
7.8,1941,23,1.37,Black and White,12,21,14,0,0,0
6.5,2011,15,2.35,Color,11,13,13,0,0,0
5.8,2001,9,1.85,Color,27,21,12,0,0,1
7.3,2011,9,2.35,Color,21,33,11,0,0,0
6.9,2007,17,2.35,Color,43,17,12,0,0,0
7.1,2012,9,1.85,Color,21,21,13,0,0,0
6.7,1998,10,1.85,Color,12,18,14,0,0,0
6.2,2013,8,1.85,Color,22,21,12,0,0,0
6.2,2009,16,1.78,Color,28,29,10,0,0,0
6.8,2001,30,1.37,Color,28,13,11,0,0,0
6.7,1998,7,2.35,Color,12,16,13,0,0,1
7.1,2003,18,2.35,Color,34,7,14,1,0,0
8.2,1957,28,2.35,Color,19,29,14,0,0,1
7.3,2005,13,2.35,Color,5,12,13,0,0,0
5.9,2009,11,2.35,Color,5,23,17,0,0,0
7.3,2010,11,2.35,Color,19,24,12,0,0,0
5.7,2008,15,2.35,Color,12,18,15,0,0,0
7.1,2006,8,1.85,Color,21,14,10,0,0,0
6.5,2006,7,1.85,Color,20,18,15,0,0,0
7.1,1994,27,1.66,Color,20,21,20,0,0,0
6.5,1996,24,1.85,Color,20,16,12,0,1,0
5.9,2014,19,2.35,Color,28,12,13,0,0,0
5.8,2003,31,2.35,Color,21,28,10,0,0,1
5.8,1999,16,1.85,Color,20,12,18,0,0,0
6.8,2000,18,1.85,Color,20,21,15,0,0,0
6.4,2009,22,1.85,Color,6,25,11,0,0,0
7,2004,10,2.35,Color,27,16,14,0,0,0
6.9,1993,13,1.85,Black and White,29,33,12,0,0,0
5.6,2010,25,1.85,Color,14,21,15,0,0,0
6.5,2012,13,2.35,Color,13,12,13,0,0,0
4.8,2001,12,2.35,Color,24,21,13,0,1,0
4.3,2012,3,2.35,Color,20,21,9,0,0,0
5.6,2001,10,2.35,Color,31,20,15,0,0,0
5.8,1997,9,2.35,Color,16,20,15,0,0,0
7.3,2015,13,2.35,Color,23,21,13,0,0,0
7.8,2007,10,2.35,Color,18,25,15,0,0,0
7.5,1987,11,2.35,Color,23,18,17,0,1,0
6.5,2012,4,2.35,Color,21,7,13,0,0,0
6.2,2003,16,2.35,Color,23,20,9,0,0,0
6.9,2007,16,1.85,Color,20,13,13,0,0,0
6.9,1994,8,1.85,Color,12,18,13,0,0,0
4.6,2004,36,1.85,Color,27,33,11,0,0,0
5.9,1986,36,1.85,Color,15,18,12,0,0,0
5.7,2010,21,1.85,Color,6,18,15,0,0,0
6.2,1991,26,1.85,Color,37,14,12,0,0,0
7.9,1964,12,2.2,Color,28,12,12,0,0,1
7.1,2013,29,2.35,Color,23,15,11,0,0,1
7.7,2011,17,1.85,Color,22,27,11,0,0,0
6.2,2001,24,1.85,Color,19,25,13,0,0,0
8.9,1994,12,2.35,Color,11,7,12,1,0,0
6.1,1992,13,1.85,Color,26,12,10,0,1,0
6.7,2000,18,1.85,Color,27,21,14,0,0,0
6.7,2010,7,1.85,Color,21,23,14,0,0,0
2.3,2007,10,1.85,Color,16,21,15,0,0,0
7.2,2002,14,1.85,Color,5,12,13,0,0,0
7.8,2005,17,2.35,Color,13,14,13,0,1,0
6.8,2005,6,1.85,Color,31,7,13,0,0,0
6.9,2014,3,2.35,Color,5,29,12,0,0,0
6.1,2012,10,2.35,Color,12,24,14,0,0,0
6.9,2002,18,1.85,Color,5,18,15,0,1,0
7,2011,5,2.35,Color,20,16,13,0,0,0
6.5,2014,18,2.35,Color,29,18,13,0,0,0
6.4,2015,11,2.35,Color,21,21,9,0,0,0
5.3,2001,23,1.85,Color,12,17,14,0,0,0
7.8,2011,5,2.35,Color,11,17,12,0,0,0
6.4,2002,25,1.85,Color,14,16,13,0,0,0
7.2,2011,7,2.35,Color,12,12,12,0,0,0
6.1,2000,11,1.85,Color,6,15,16,0,0,0
5.3,2010,16,2.35,Color,14,43,14,0,0,0
3.5,2015,16,1.33,Color,15,10,17,0,0,0
5.1,2000,10,2.35,Color,27,12,18,0,0,0
6.6,2002,24,1.85,Color,21,9,12,0,0,0
6.6,2015,5,2.35,Color,12,21,14,0,0,0
7.3,1983,10,1.85,Color,30,18,12,0,0,0
6.2,1996,20,1.85,Color,6,18,17,0,0,0
7.5,2016,15,2.35,Color,28,21,12,0,0,0
7.1,1997,13,2.35,Color,20,18,10,0,1,0
5.7,1999,14,1.85,Color,20,21,15,0,0,0
6,2014,15,2.35,Color,14,21,11,0,0,0
5.9,2001,23,2.35,Color,28,12,10,0,0,0
6.6,1996,12,2.35,Color,15,20,12,0,0,0
6.3,2012,17,1.85,Color,14,24,12,0,0,0
5.2,2007,14,2.35,Color,19,11,11,0,0,0
6.8,2006,21,2.35,Color,20,17,12,0,0,0
5,1995,5,1.85,Color,31,18,11,0,0,0
7.2,2018,10,2.35,Color,31,12,13,0,0,0
7.5,1972,6,1.85,Color,8,18,16,0,0,0
6.7,2012,41,2.35,Black and White,37,16,12,0,0,0
7.9,2009,5,2.35,Color,15,24,11,0,0,0
6.2,2004,25,2.35,Color,29,11,14,0,0,0
2.8,1987,17,2.35,Color,25,18,12,0,0,0
5.9,2011,19,2.35,Color,6,12,9,0,0,0
5.4,2009,8,1.85,Color,13,35,14,0,1,0
6.7,2009,16,1.85,Color,18,14,15,0,0,0
7.4,1998,8,2.35,Color,11,7,10,1,0,0
6.9,2003,15,2.35,Color,30,20,14,0,0,0
6,2001,23,1.85,Color,34,15,10,0,0,0
7.8,2001,26,2.35,Color,28,20,12,0,0,0
7.6,2002,20,2.35,Color,12,20,11,0,0,0
7.4,2011,20,2.39,Color,20,12,12,0,0,0
7.3,1993,15,2.35,Color,28,25,13,0,0,0
6.4,2010,22,2.35,Color,14,18,10,0,0,0
7,2015,10,2.35,Color,21,29,11,0,0,0
6.6,2012,14,2.35,Color,21,20,15,0,0,0
7.4,1982,7,2.35,Color,20,29,11,0,0,1
5,1999,9,1.85,Color,14,18,12,0,0,0
6.6,2006,14,1.85,Color,33,18,12,0,0,0
5.3,2006,12,2.35,Color,30,11,12,0,0,0
7.7,1998,9,2.35,Color,44,15,12,0,0,0
7.5,2008,5,1.85,Color,13,7,22,0,0,1
7.1,2002,9,1.85,Color,20,16,13,0,0,0
4.9,2002,11,2.35,Color,35,23,21,0,0,0
7.4,2012,6,2.35,Color,34,24,20,0,0,0
5.2,2016,10,2.35,Color,27,17,12,0,0,0
7.1,2002,14,1.85,Color,20,24,14,0,0,0
8.2,2009,11,2.35,Color,5,12,14,0,0,0
5.9,1979,4,2.35,Color,17,18,15,0,0,1
5.3,2000,11,1.85,Color,29,16,12,0,0,0
5.4,2002,12,1.85,Color,23,18,13,0,0,0
5.6,2010,7,2.35,Color,19,12,12,0,0,0
6.2,2011,8,2.35,Color,14,15,11,0,0,0
5.9,2013,31,2.35,Color,6,12,13,0,0,0
4.1,2006,18,1.85,Color,18,23,15,0,0,0
5.1,2006,13,1.85,Color,6,21,13,0,0,0
7,1989,3,1.85,Color,12,14,13,0,0,0
6.5,2012,10,2.35,Color,27,18,12,0,0,0
5.1,2009,15,1.85,Color,21,21,12,0,0,0
7.5,1995,21,1.85,Color,12,13,13,1,0,0
6.7,2014,14,2.35,Color,13,16,11,0,0,0
7.1,2010,6,2.35,Color,5,20,20,0,0,0
6.4,1985,26,2.35,Color,29,16,18,0,0,0
7.2,1984,14,1.85,Color,25,29,11,0,0,0
6.3,2001,8,1.85,Color,11,18,12,0,0,0
6.5,2010,11,2.35,Color,12,24,10,0,0,0
6.6,1987,15,1.37,Color,28,16,12,0,1,0
7.4,2009,18,2.35,Color,5,22,12,0,0,0
4.8,2009,10,2.35,Color,37,14,11,0,0,0
5.8,2001,13,2.35,Color,21,20,24,0,0,0
7.2,1982,5,1.85,Color,12,25,16,0,0,0
7.6,2011,15,1.85,Color,30,4,12,0,0,0
6.3,2005,16,1.85,Color,20,17,15,0,0,1
6.8,2016,9,1.66,Color,14,50,15,0,0,0
5,2003,16,2.35,Color,53,25,14,0,0,0
6.7,2006,5,1.85,Color,20,12,18,0,0,0
7.4,1985,18,1.85,Color,23,29,14,0,0,0
6.1,1981,22,1.85,Color,23,18,12,0,0,0
7.6,2001,7,1.85,Color,20,9,15,0,0,0
8.3,2000,6,1.85,Color,12,7,13,0,0,0
5.8,1982,35,2.35,Color,14,18,12,0,0,0
7.1,2007,15,1.85,Color,13,20,13,0,0,1
7.5,2015,11,1.85,Color,5,29,15,0,0,0
6.2,2001,8,1.85,Color,14,18,15,0,0,1
6.5,2002,13,1.85,Color,5,7,13,0,0,0
5.6,2006,16,2.35,Color,28,18,18,0,0,0
6.7,1997,14,2.35,Color,27,29,14,0,0,0
6.3,2011,14,2.35,Color,11,11,16,0,0,0
6,1995,6,1.85,Color,21,18,9,0,0,0
6.6,2015,5,1.85,Color,26,12,10,0,0,0
7.3,1986,29,2.35,Color,23,18,13,0,1,0
5.9,1986,11,1.85,Color,13,25,15,0,0,0
5.4,1999,28,1.78,Color,5,22,15,0,0,0
6.2,2009,26,2.35,Color,10,21,12,0,1,0
5.9,2008,12,1.85,Color,29,16,13,0,0,0
7.1,2012,13,2.35,Color,25,13,14,0,0,0
8,1973,12,1.37,Color,6,27,13,0,0,0
6.7,2010,17,2.35,Color,31,21,16,0,0,0
6.5,1988,11,1.85,Color,37,18,12,0,0,0
7.4,2010,19,2.35,Color,28,21,12,0,1,0
5.5,2001,15,1.33,Color,6,12,17,0,0,0
7.8,1971,35,1.33,Color,22,18,12,0,0,0
6.9,2008,11,1.85,Color,6,18,14,0,1,0
6.5,2008,37,1.85,Color,20,14,12,0,0,0
7,2012,22,2.35,Color,31,9,15,0,0,0
2.8,1997,5,1.85,Color,19,12,14,0,0,0
4.3,1999,7,2.35,Color,12,21,13,0,0,0
5.3,1999,20,1.85,Color,21,15,11,0,0,0
7,2000,11,1.37,Color,18,12,12,0,0,0
5.2,1996,7,2.35,Color,16,35,10,0,0,0
5.8,1999,14,1.85,Color,14,7,11,1,0,0
6.4,2001,24,1.85,Color,22,29,11,0,0,0
7.3,2000,15,1.85,Color,15,18,13,0,0,0
7.3,2006,6,2.35,Color,21,18,9,0,0,0
7.9,2005,13,2.39,Color,29,21,21,0,1,0
7.8,2009,17,1.85,Color,39,21,11,0,1,0
7.3,1999,12,2.35,Color,23,23,12,0,0,1
6.9,1994,8,1.85,Color,27,15,12,0,0,0
5.9,1968,10,2.35,Color,31,18,10,0,0,0
7.1,2003,5,1.85,Black and White,37,20,16,0,0,0
4.6,2014,7,2.35,Color,27,12,18,0,0,0
7.6,2005,11,1.85,Color,18,20,14,0,0,0
5.3,2014,6,2.35,Color,13,17,11,0,1,0
6.1,2011,12,2.35,Color,20,20,9,0,0,0
7.7,1993,10,1.85,Color,17,15,12,0,0,0
6.3,2015,10,2.35,Color,14,18,11,0,0,0
4.8,2016,11,2.35,Color,30,9,11,0,0,0
6.2,2007,6,2.35,Color,21,17,9,0,0,0
4.7,2001,9,2.35,Color,23,12,14,0,0,0
7.2,1982,28,1.85,Color,12,18,20,0,0,0
6.9,2004,6,1.85,Color,12,14,15,0,0,0
7.6,1992,14,2.35,Color,14,29,10,0,0,1
6.9,1982,9,1.85,Color,21,12,10,0,1,0
7.4,1981,8,2.35,Color,16,17,11,0,0,0
6.2,1982,7,1.85,Color,6,21,10,0,0,0
5.5,1973,33,2.35,Color,13,21,14,0,0,0
6.3,2010,10,2.35,Color,29,21,10,0,0,0
4.8,1984,6,2.35,Color,17,24,13,0,0,0
6.1,2001,11,2.35,Color,30,10,12,0,0,0
6.8,2006,18,2.35,Color,20,15,20,0,0,1
5.8,1988,11,1.85,Color,20,29,21,0,0,0
6.9,1996,18,1.37,Color,18,21,9,0,0,0
5.8,2010,9,2.35,Color,21,19,16,0,0,0
4.2,2016,13,2.35,Color,6,28,12,0,0,0
5.5,2006,15,1.85,Color,12,18,10,0,0,0
6.9,2001,11,1.85,Color,14,7,12,1,0,0
6.7,2016,8,2.35,Color,6,17,10,0,0,0
6.9,2005,10,1.85,Color,17,20,18,0,0,0
7.6,2000,13,1.85,Black and White,21,18,17,0,0,0
5.5,2003,16,2.35,Color,21,25,10,0,0,0
6.7,2002,16,2.35,Color,28,20,12,0,0,0
6.8,2013,6,2.35,Color,14,24,14,0,0,0
7.6,2005,11,2.35,Color,20,30,12,0,0,0
6.8,1997,9,1.85,Color,22,18,13,0,0,0
4.8,2001,31,1.85,Color,22,26,10,0,0,0
7.1,2009,10,2.35,Color,13,18,19,0,0,0
7.4,2008,26,1.85,Color,28,20,16,0,0,0
7.3,2001,17,2.35,Color,5,29,17,0,0,0
3.5,2004,14,1.85,Color,11,11,16,0,0,0
7.5,2007,32,2.35,Color,19,20,14,0,0,0
6.1,1982,10,1.85,Color,23,18,13,0,0,0
7.4,2007,22,1.85,Color,20,20,12,0,1,0
5.8,2006,8,2.35,Color,14,17,13,0,0,0
7.2,2000,14,1.85,Color,5,12,12,0,0,0
6.2,2014,59,2.39,Color,13,35,12,0,0,0
7.8,1993,9,2.35,Color,46,20,13,0,0,1
3.1,2014,11,2.35,Color,37,14,12,0,0,0
6.2,2001,1,1.85,Color,22,16,12,0,0,0
7.1,2007,20,2.35,Color,23,19,11,0,0,1
6.4,2014,14,1.85,Color,12,12,14,0,0,0
6.8,1995,16,1.85,Color,20,15,11,0,0,0
7.6,2016,13,2.35,Color,13,12,11,0,0,0
7.3,2002,14,1.85,Black and White,19,7,8,0,1,0
6.9,1987,16,1.85,Color,22,18,11,0,0,0
5.2,2014,8,1.85,Color,14,9,12,0,0,0
7.1,2000,11,2.35,Color,13,9,10,0,0,0
7.9,1969,15,1.85,Black and White,5,14,14,0,0,0
6.2,2011,11,2.35,Color,28,8,12,0,0,0
6.9,1982,19,2.35,Color,17,18,13,0,0,0
7,2012,21,2.35,Color,20,13,17,0,0,0
6.3,2012,7,2.35,Color,21,21,11,0,0,0
7.1,2010,15,2.35,Color,17,14,19,0,0,0
6.8,1996,22,1.85,Color,6,7,11,1,0,0
7.8,2006,19,2.35,Color,28,25,12,0,0,0
3.5,1982,9,1.85,Color,13,21,14,0,0,0
4.6,1995,9,2.35,Color,5,14,15,0,0,0
7.8,1971,21,1.85,Color,27,21,12,0,0,0
5.9,1988,40,1.85,Color,15,30,16,0,0,0
7.1,2003,9,1.85,Color,18,15,10,0,1,0
7.2,2010,16,2.35,Color,16,20,11,0,0,0
7.5,1981,4,1.85,Color,31,18,12,0,0,1
6.7,1985,12,1.85,Color,39,32,12,0,0,0
7.1,1999,9,1.85,Color,28,21,11,0,0,0
5.4,2001,15,2.35,Color,22,18,13,0,0,0
7.7,1982,11,2.35,Color,22,14,18,0,0,0
6.8,2014,9,2.35,Color,11,20,15,0,0,0
8,1989,18,1.85,Color,12,33,14,0,0,0
5.2,1989,11,1.85,Color,15,30,16,0,0,0
6.3,2011,11,1.85,Color,12,18,15,0,0,1
6.8,2012,22,2.35,Color,11,12,14,0,0,0
6.5,2002,14,2.35,Color,14,18,14,0,0,0
6.2,1970,30,2.35,Color,18,21,14,0,0,0
5.8,2014,14,1.85,Color,15,12,10,0,0,0
5.7,1990,14,1.85,Color,14,22,13,0,1,0
6.4,2006,9,2.35,Color,14,22,10,0,0,0
6.1,1996,13,1.85,Color,20,21,12,0,0,0
7.7,2005,10,1.85,Color,11,11,12,0,0,0
6.3,2011,9,1.85,Color,12,14,12,0,0,0
7.1,2011,18,2.35,Color,24,18,9,0,0,0
5.9,2009,10,2.35,Color,29,9,11,0,1,0
7.6,2000,14,1.85,Color,29,24,15,0,0,0
7.7,1982,31,2.35,Color,23,18,13,0,0,0
7.4,1999,5,2.35,Color,30,7,10,0,1,0
4,2013,25,2.35,Color,21,9,11,0,0,0
6.7,2012,9,1.85,Color,12,12,9,0,0,0
7.6,2003,9,1.85,Color,13,18,12,0,0,0
5.1,2011,24,2.35,Color,58,23,14,0,0,0
6.8,1999,23,2.35,Color,22,50,13,0,0,0
6.6,1991,19,1.85,Color,13,29,13,0,0,1
5.6,2000,19,2.35,Color,23,29,10,0,0,0
5.7,2005,7,2.4,Color,18,25,14,0,0,0
4.4,2011,49,2.35,Color,32,12,16,0,0,0
4.5,2004,38,2.35,Color,45,25,14,0,0,0
3.9,1980,10,2.35,Color,14,21,11,0,0,0
6.7,2008,21,1.85,Color,31,29,15,0,0,0
8,2000,8,2.35,Color,5,15,13,0,0,0
6.9,1994,26,1.85,Color,6,12,10,0,0,0
6.2,2007,13,2.35,Color,19,20,14,0,0,0
7.2,1995,9,1.85,Color,21,29,17,0,0,0
7.5,2011,27,2.35,Color,14,13,11,0,0,0
6.1,1998,8,2.35,Color,22,29,10,0,0,0
6.7,2004,6,1.85,Color,12,16,15,0,0,0
7.8,2008,31,2.35,Color,18,17,17,0,0,0
5.2,2011,9,1.33,Color,30,15,15,0,0,0
6.5,1986,16,2.35,Color,16,18,10,0,0,0
5.4,2012,8,2.35,Color,16,18,15,0,0,0
8.2,1979,15,2.35,Color,9,18,14,0,0,0
7.8,1982,11,1.85,Color,5,21,18,0,0,1
5.4,1985,45,1.85,Color,14,15,11,0,1,0
6.2,2010,13,2.35,Color,20,8,15,0,0,0
7,1999,12,2.35,Color,20,18,13,0,0,0
6.2,2006,33,1.85,Color,14,29,12,0,0,0
6.1,2001,19,1.85,Color,19,18,19,0,0,0
5.8,2010,13,2.35,Color,26,35,13,0,0,0
7.9,2000,19,2.35,Black and White,21,10,13,0,0,0
7.6,2007,18,2.35,Color,15,21,17,0,0,1
6.8,2002,4,1.85,Color,18,14,13,0,0,0
7.2,1999,26,1.85,Color,20,20,20,0,0,0
6.5,2002,24,1.85,Color,25,10,13,0,0,0
8,1974,18,1.85,Black and White,6,13,13,0,0,1
6.6,2011,8,2.35,Color,21,12,17,0,1,0
6.1,2007,40,1.85,Color,44,17,15,0,0,0
7.8,2014,8,2.35,Black and White,22,24,12,0,0,0
5.6,2001,19,1.85,Color,48,12,15,0,0,0
6,2015,7,2.35,Color,15,17,11,0,0,0
7.2,1998,11,1.85,Color,5,23,12,0,0,0
6.7,2006,13,1.85,Color,13,17,10,0,0,0
8.5,2003,11,1.85,Black and White,19,14,10,0,0,0
7.3,1998,14,2.35,Color,35,12,12,0,0,0
6.7,2003,13,1.85,Color,28,18,12,0,0,0
7.3,2009,18,2.35,Color,13,23,17,0,0,0
7.7,2008,10,1.78,Color,22,9,10,0,0,0
5.7,2014,14,2.35,Color,27,40,11,0,0,0
6.4,2011,13,2.35,Color,14,18,13,0,0,0
7.2,1985,9,2.35,Color,26,29,11,0,0,0
7.1,2013,11,1.85,Color,20,24,26,0,0,0
5.5,1994,21,1.85,Color,28,18,14,0,0,0
6.9,2003,16,2.35,Color,31,30,14,0,0,0
6.2,1982,15,1.85,Color,24,25,11,0,0,0
5.5,2003,13,1.85,Color,6,7,11,0,0,0
8,1993,12,2.35,Color,35,12,9,0,0,0
6.4,2005,21,1.85,Color,19,21,12,0,0,0
7.2,1981,20,2.35,Color,13,16,16,0,0,0
7.3,1982,24,2.35,Color,38,10,11,0,1,0
6.9,2008,34,2.35,Color,15,22,11,0,0,0
7.4,1996,5,1.85,Color,28,20,18,0,0,0
5.8,2011,5,2.35,Color,9,9,18,0,0,0
5,2004,8,1.85,Color,31,21,11,0,0,0
3.9,2001,14,1.85,Color,29,20,18,0,0,0
5.3,2005,12,1.85,Color,6,12,15,0,0,0
4.3,1993,36,1.85,Color,23,15,11,0,0,0
8,1988,8,1.85,Color,5,14,10,0,0,1
7.4,2015,14,2.35,Color,21,35,13,0,0,0
7.3,1973,7,1.85,Color,13,14,11,0,0,1
7.4,1994,18,2.35,Color,38,7,12,0,0,0
7.8,2014,14,2.35,Color,27,6,12,0,0,0
6.9,2011,15,2.35,Color,12,12,12,0,0,0
5.3,2016,10,2.35,Color,14,25,9,0,0,0
5,1996,6,1.85,Color,12,24,17,0,0,0
7.2,2000,17,1.85,Color,19,15,13,0,0,0
7,2008,15,2.35,Color,15,18,13,0,0,0
5.4,2012,27,2.35,Color,6,18,9,0,1,0
5.6,2002,21,1.85,Color,14,7,18,1,0,0
6.6,2005,11,2.35,Color,12,28,12,0,0,0
6.8,1989,11,1.85,Color,28,18,9,0,0,0
5.6,2005,26,1.85,Color,20,16,12,0,0,0
6.9,1992,13,2.35,Color,15,18,13,0,0,0
5.7,2012,12,2.35,Color,6,43,11,0,0,0
6.4,2012,13,2.35,Color,23,18,12,0,0,0
6.4,1999,9,1.85,Color,12,24,13,0,0,0
7.7,2010,18,2.35,Color,15,29,15,0,0,0
7.3,1996,19,1.85,Color,20,15,17,0,0,0
4.2,1987,6,1.85,Color,38,29,10,0,0,0
5.1,2015,14,1.85,Color,15,23,15,0,0,0
7.6,2012,20,1.85,Color,21,20,9,0,0,0
5.3,2003,5,1.85,Color,19,18,16,0,0,1
4.6,1999,22,1.85,Color,6,20,12,0,0,0
4.9,1991,34,1.85,Color,30,15,11,0,0,0
6.2,2012,10,2.35,Color,29,12,14,0,0,0
7.2,2006,11,1.85,Color,5,9,12,0,0,0
5.3,2000,15,1.85,Color,24,44,17,0,0,0
1.9,2008,14,1.85,Color,6,20,14,0,0,0
6.5,2005,7,2.35,Color,11,32,10,0,0,0
5.8,2008,34,1.85,Color,38,12,15,0,0,0
6.9,1967,19,2.35,Color,25,14,16,0,0,0
5.2,1994,11,1.85,Color,13,12,15,0,0,1
5.3,2013,48,2.35,Color,29,9,15,0,0,0
6.7,1971,20,2.35,Color,25,14,16,0,0,1
6.2,1986,16,2.35,Color,14,18,16,0,0,0
7.8,1986,16,1.85,Color,5,12,13,0,0,0
6.7,2011,12,2.35,Color,5,13,14,0,0,0
6.9,2014,9,1.85,Color,21,18,12,0,0,0
2.3,2005,17,2.35,Color,13,16,25,0,0,0
6.9,2006,16,2.35,Color,20,24,11,0,0,0
8.4,2013,6,2.35,Color,22,13,12,0,1,0
8,1965,14,2.35,Color,17,25,14,0,0,1
7.4,2009,13,1.85,Color,13,18,12,0,0,1
7.8,1991,15,1.85,Color,11,29,12,0,0,0
6.6,2001,8,2.35,Color,16,21,11,0,0,0
4.8,2012,5,1.85,Color,29,35,16,0,0,0
6.1,1998,14,2.35,Color,37,23,13,0,0,0
3.5,1997,41,1.85,Color,6,20,9,0,0,0
6,2015,19,2.35,Color,28,21,16,0,1,0
4.7,2007,28,2.35,Color,29,21,12,0,0,1
7.4,1982,14,2.35,Color,23,24,14,0,0,0
5.4,2003,8,1.85,Color,20,18,14,0,0,0
6.1,2001,20,2.35,Color,14,29,16,0,0,0
8.2,1996,13,1.85,Color,5,26,15,0,0,0
6.4,2010,9,2.35,Color,43,27,18,0,0,0
8.5,2006,12,2.35,Color,29,10,14,0,0,0
5.8,2005,13,2.35,Color,31,23,11,0,0,0
5.7,1997,9,2.35,Color,30,18,12,0,0,0
7.8,1987,7,1.66,Color,13,17,13,0,0,0
5.3,2008,28,1.85,Color,20,18,8,0,0,0
7.8,2005,11,2.35,Color,31,8,10,0,1,0
7,2016,14,2.35,Color,15,7,12,0,0,0
5.9,2009,16,1.85,Color,14,25,12,0,0,0
4.6,2005,17,1.85,Color,31,33,8,0,0,0
7.1,2002,38,1.85,Color,5,22,19,0,0,0
7,2009,13,1.85,Color,12,14,17,0,1,0
5.5,2000,18,1.85,Color,13,50,12,0,0,0
6.7,2014,25,1.85,Color,18,23,15,0,0,0
6.7,1998,18,1.85,Color,42,11,14,0,0,0
7.2,2002,8,2.35,Color,22,12,9,0,0,0
6.6,2013,7,2.35,Color,20,16,20,0,0,0
6.4,1997,10,2.35,Color,22,18,21,0,0,0
5.7,1996,16,2.35,Color,32,18,13,0,0,0
6.5,2012,12,2.35,Color,35,24,11,0,0,0
7.6,2002,8,1.85,Color,5,15,12,0,0,0
6.7,1999,12,1.85,Color,12,18,16,0,0,0
4.6,2002,14,1.85,Color,21,11,17,0,1,0
6.6,1972,12,2.35,Color,21,14,13,0,1,0
7.4,2005,10,2.35,Color,20,22,9,0,0,0
5.9,1993,14,1.85,Color,13,29,13,0,0,0
5.8,1999,11,1.85,Color,6,24,15,0,0,0
5.9,2007,9,1.85,Color,22,9,12,0,0,0
7.5,2001,15,2.35,Color,5,15,15,0,1,0
7.1,2003,11,2.35,Color,14,21,14,0,0,0
6.5,2015,9,2.35,Color,30,24,13,0,0,0
8.1,1977,10,1.37,Color,14,14,11,0,0,0
6.7,1998,14,2.35,Color,21,12,12,0,0,0
6.7,2008,23,1.85,Color,21,9,14,0,0,0
7.1,2011,11,2.35,Color,28,16,12,0,0,0
8,1965,18,2.35,Color,38,21,14,0,0,0
5.9,2009,40,2.35,Color,33,18,15,0,0,0
5,2007,7,1.85,Color,14,14,8,0,0,0
7,2008,18,1.85,Color,12,14,12,0,0,0
6.4,2007,27,2.35,Color,13,20,11,0,1,0
5.7,1978,6,2.35,Color,25,18,12,0,0,0
7.4,2009,12,2.35,Color,18,14,22,0,1,0
8.1,2009,19,1.85,Color,12,20,20,0,0,0
6.3,2011,12,1.85,Color,6,24,14,0,0,0
5.2,1997,5,1.85,Color,13,15,17,0,0,0
5.5,2004,7,1.85,Color,26,20,10,0,0,0
6.7,2000,17,1.85,Color,12,13,11,0,0,0
6.7,2010,18,1.85,Color,20,21,15,0,1,0
6.9,2005,19,2.35,Color,12,21,11,0,0,0
4.6,2004,6,1.85,Color,20,27,10,0,0,0
7.1,2015,17,2.35,Color,9,12,10,0,0,0
4.4,2004,10,1.85,Color,6,25,8,0,0,0
7.4,1977,16,2.35,Black and White,17,14,11,0,0,0
6.2,2013,16,2.35,Color,24,26,20,0,0,0
6,1997,26,1.85,Color,27,18,12,0,0,0
5.3,2000,12,2.35,Color,22,24,16,0,0,0
6.7,2002,21,1.85,Color,20,24,11,0,0,0
6.4,2009,8,2.35,Color,33,20,12,0,0,0
5.4,2008,19,1.78,Black and White,34,12,11,0,0,0
5.7,1982,24,2.35,Color,15,18,15,0,0,0
6.8,1996,10,2.35,Color,35,15,13,0,1,0
5.2,2015,14,2.35,Color,27,22,18,0,0,0
4.4,2014,11,2.35,Color,25,14,11,0,0,0
6.7,2012,10,1.85,Color,28,29,19,0,0,0
5.9,2005,13,2.35,Color,29,21,14,0,0,0
6,1991,24,1.85,Color,28,12,20,0,0,0
6.7,2002,13,1.85,Color,20,11,14,0,0,0
6.2,2012,24,1.85,Color,14,18,11,0,0,0
5.3,2004,17,2.35,Color,29,18,9,0,0,0
6.2,2003,19,1.85,Color,15,15,12,0,0,0
7.2,1990,26,2.35,Color,19,18,10,0,0,0
6.2,2002,8,1.85,Color,29,15,12,0,0,0
7.2,2002,14,1.85,Color,28,12,13,0,0,0
7.7,2009,10,2.35,Color,30,29,10,0,0,0
6.4,1999,9,1.37,Color,6,18,17,0,0,0
7.2,2006,12,1.85,Color,11,25,18,0,0,1
6.9,2013,11,2.35,Color,21,9,13,0,0,0
4.3,1985,9,1.85,Color,13,24,13,0,0,0
6.6,2009,15,2.35,Color,15,16,16,0,0,0
6.4,1999,16,2.35,Color,22,21,8,0,0,0
6.8,2008,2,2.35,Color,20,29,12,0,0,0
5.4,2005,16,2.35,Color,13,29,16,0,0,0
5.9,2015,15,2.35,Color,5,24,14,0,0,0
5.7,2008,18,2.35,Color,12,18,14,0,0,0
6.7,2012,43,2.35,Color,32,22,16,0,0,0
6.7,2015,13,1.85,Color,34,12,10,0,0,0
6.5,1966,17,1.85,Color,23,21,16,0,0,0
6.9,2006,13,2.35,Color,17,33,14,0,0,0
6.8,1991,38,1.85,Color,12,18,14,0,0,0
5.5,2000,8,2.35,Color,14,15,16,0,0,0
7.3,2006,6,2.35,Color,11,19,11,0,0,0
6.9,2003,3,1.85,Color,29,15,14,0,1,0
6.7,2002,8,1.85,Color,29,15,13,0,0,0
6.4,2003,13,2.35,Color,14,13,11,0,0,0
7.1,2005,22,1.85,Color,14,18,12,0,0,0
6.3,1990,13,1.85,Color,30,20,12,0,0,0
7.3,1999,2,2.35,Color,12,29,12,0,0,0
6.7,2011,7,2.35,Color,22,21,10,0,0,0
6.6,2010,12,2.35,Color,21,20,15,0,0,0
6.1,2008,21,2.35,Color,14,21,14,0,0,0
5.7,2003,8,1.85,Color,26,15,10,0,0,0
6.9,2006,16,1.85,Color,12,24,14,0,0,1
6.1,1996,16,2.35,Color,28,29,12,0,0,0
5.9,1995,12,1.85,Color,33,35,12,0,0,0
8.3,1960,13,2.35,Black and White,20,14,14,0,0,0
7.2,1955,22,1.5,Color,22,18,13,0,0,0
6.3,1977,12,1.85,Color,27,3,17,0,0,0
6.3,2015,17,1.85,Color,12,24,11,0,0,0
6.4,1999,18,1.85,Color,20,7,16,1,0,0
4.9,1997,17,2.35,Color,15,20,13,0,0,0
7.6,1993,16,1.85,Color,21,18,16,0,0,0
6.6,2009,30,2.35,Color,40,11,12,0,0,0
7.7,2006,11,1.85,Color,22,12,18,0,0,0
8.1,2013,9,1.85,Color,28,12,12,0,0,0
7.6,2008,15,2.35,Color,5,17,15,0,0,0
5.8,2015,19,2.35,Color,20,16,9,0,1,0
5,2006,21,2.35,Color,15,11,16,0,0,0
7.6,2015,15,2.35,Color,22,35,9,0,0,0
6,1983,5,2.35,Color,24,29,11,0,0,0
7,2012,3,1.85,Color,14,18,10,0,0,0
5.8,2011,11,1.85,Color,31,17,16,0,0,0
6.4,2010,12,2.35,Color,11,21,10,0,0,0
5.6,2006,18,1.85,Color,14,18,14,0,0,0
6.1,2004,12,2.35,Color,23,11,14,0,0,0
7.4,1979,18,1.85,Color,22,14,9,0,0,0
6.1,2012,11,2.35,Color,18,36,13,0,1,0
7.5,2008,5,1.85,Color,6,20,15,0,0,0
7.3,2007,16,1.85,Color,20,21,13,0,0,0
6.8,2011,20,2.35,Color,28,21,13,0,0,0
3.5,2009,11,1.85,Color,19,18,16,0,0,0
6.3,2010,18,2.35,Color,14,12,10,0,0,0
6.5,2000,10,1.85,Color,14,18,12,0,0,0
4.8,2005,7,2.35,Color,29,21,15,0,0,0
6.6,2002,10,1.85,Color,21,22,13,0,1,0
5.6,2010,17,1.85,Color,21,11,18,0,0,0
5.6,2015,6,2.35,Color,12,9,16,0,0,0
7.4,1983,27,1.85,Color,16,12,16,0,0,0
7.1,1991,20,1.78,Color,5,18,12,0,0,0
4.3,2008,17,2.35,Color,14,23,13,0,0,0
5.8,2014,8,2.35,Color,11,29,13,0,0,0
6.9,1986,7,1.33,Color,20,18,10,0,0,0
6,2000,5,1.85,Color,18,33,13,0,0,0
7.2,2012,17,2.35,Color,12,12,13,0,0,0
7.8,2001,25,1.85,Color,26,18,21,0,0,0
7.6,2005,19,2.35,Color,20,12,17,0,1,0
6.6,2005,7,2.35,Color,35,28,13,1,0,0
7.2,1999,19,2.35,Color,20,7,13,0,0,0
7.4,1993,22,1.85,Color,20,26,12,0,0,0
6.1,2015,19,1.85,Color,12,12,14,0,0,0
5.4,1979,8,2.35,Color,13,18,11,0,0,0
6.6,2011,16,2.35,Color,29,11,11,0,0,0
7,1963,9,2.2,Color,31,21,13,0,0,0
6.5,1983,24,1.85,Color,21,12,13,0,0,0
6.3,1986,21,1.85,Color,28,16,12,0,0,0
5.6,1998,16,1.85,Color,12,15,10,0,0,0
5.7,2001,22,1.85,Color,6,29,11,0,0,1
6.7,1995,10,1.85,Color,14,32,11,0,0,0
6.3,2008,10,2.35,Color,29,18,11,0,0,0
4.8,2011,12,2.35,Color,21,11,16,0,0,0
6.7,2004,32,2.35,Black and White,12,21,9,0,0,0
5.7,2014,8,1.85,Color,27,17,13,0,0,0
5.1,2000,14,1.85,Color,6,18,12,0,0,0
5.6,1999,11,2.35,Color,20,17,12,0,0,0
7.4,2001,5,2.35,Color,20,18,12,0,0,0
7.5,1968,7,2.35,Color,20,29,11,0,0,1
7.7,2000,12,1.85,Color,11,15,13,0,1,0
4.5,2001,19,2.35,Color,23,16,12,0,0,0
7.4,1990,27,1.37,Color,31,18,12,0,0,0
6.5,2009,14,1.85,Color,27,12,10,0,0,0
7,2004,31,1.85,Color,41,18,18,0,1,0
8,1938,26,1.37,Black and White,20,29,11,0,0,0
6.2,2012,19,2.35,Color,14,20,9,0,1,0
7.5,2013,16,2.35,Color,36,35,9,0,0,1
7.4,1984,21,2.35,Color,30,12,14,0,0,0
6.4,2016,5,2.35,Color,13,12,8,0,0,0
7.1,2002,14,2.35,Color,13,16,12,0,0,0
7.6,2010,12,2.35,Color,13,9,11,0,0,0
5.4,2014,4,2.35,Color,19,9,11,0,0,0
5.7,2008,9,1.78,Color,22,24,12,0,0,0
7.3,2010,12,2.35,Color,5,12,14,0,0,0
6.7,2014,15,2.35,Color,12,29,11,0,0,0
7.4,2013,16,1.85,Color,12,17,12,0,0,0
6.3,2012,12,2.35,Color,20,9,12,0,0,0
8,1951,24,1.37,Black and White,5,12,13,0,0,0
7.5,2015,8,1.85,Color,13,12,13,0,1,0
7.1,2012,9,1.85,Color,30,12,12,0,0,0
6.3,2006,23,2.35,Color,23,13,12,0,0,0
6.3,1990,25,1.85,Color,21,12,15,0,0,0
7.9,2012,5,1.85,Color,13,20,16,0,0,0
6.1,1985,9,2.35,Color,29,16,12,0,0,0
6.3,2007,6,2.35,Color,27,21,16,0,1,0
6.2,2007,15,2.35,Color,20,25,7,0,0,0
8.6,1947,21,1.37,Color,28,18,10,0,0,0
7.1,2015,16,2.35,Color,13,21,11,0,0,0
7.2,2009,13,2.35,Color,17,25,13,0,0,1
6.8,1984,11,1.85,Color,16,29,16,0,0,0
6.8,2011,12,2.35,Color,5,30,14,0,0,0
8,2008,19,2.35,Color,13,27,11,0,0,1
2.1,2001,7,2.35,Color,19,21,12,0,0,0
7.4,2000,11,1.66,Color,44,24,13,0,0,0
7.5,2007,5,2.35,Color,20,23,9,0,0,0
5.3,2004,9,1.85,Color,14,25,12,0,0,0
6.6,2002,18,1.85,Color,18,18,11,0,0,0
5.9,2016,12,2.35,Color,13,18,11,0,0,0
6.8,1976,11,2.35,Color,23,14,14,0,0,0
3.5,1999,14,1.37,Color,40,30,10,0,0,0
6.6,1985,12,2.35,Color,18,17,15,0,0,0
6,2007,27,1.85,Color,20,24,15,0,0,0
5.5,2016,16,2.39,Color,12,19,13,0,0,0
4.1,2008,9,1.85,Color,29,29,12,0,0,0
5.6,2006,17,2.35,Color,14,18,14,0,0,0
5.9,2007,6,1.85,Color,14,9,15,0,0,0
3.5,2013,13,1.85,Color,6,21,11,0,0,0
4.7,1980,17,2.35,Color,31,34,14,0,0,0
6.7,2012,16,1.85,Color,6,18,15,0,0,0
7.6,2003,18,1.85,Color,13,15,12,0,0,0
7.3,1971,8,2.35,Color,24,18,11,0,0,0
3.9,1998,16,2.35,Color,13,35,11,0,0,0
7.6,1988,29,1.85,Color,5,18,14,0,0,0
4.9,1979,6,2.35,Color,28,37,13,0,0,0
4.6,2015,17,2.35,Color,16,18,11,0,0,0
6.8,2015,9,1.85,Color,15,17,15,0,0,0
3.3,2005,28,1.78,Color,6,9,12,0,0,0
7.3,1980,17,1.85,Color,21,18,13,0,0,0
7.6,2015,12,1.85,Color,23,32,13,0,0,0
4.6,1997,8,2.35,Color,32,29,12,0,0,0
5.7,2007,11,2.35,Color,15,12,11,0,0,0
5.4,2016,17,2.35,Color,5,23,13,0,0,0
6.7,1992,15,2.35,Color,21,12,10,0,0,0
6.6,1997,39,1.85,Color,28,12,12,0,1,0
8,1978,14,1.85,Color,13,18,11,0,0,0
4.3,2008,12,2.35,Color,8,32,18,0,0,0
7.4,2002,5,1.85,Black and White,23,7,11,0,1,0
4.6,2003,18,1.85,Color,14,15,14,0,0,0
7.1,1936,31,1.37,Black and White,28,12,11,0,0,0
5.8,2001,11,2.35,Color,14,15,10,1,0,0
7.4,1947,21,1.37,Black and White,13,21,14,0,0,0
7.2,2010,19,2.35,Color,12,17,14,0,0,0
6.8,1999,19,2.35,Color,25,24,15,0,1,0
6.5,1994,3,1.85,Color,6,21,11,0,0,0
6.5,1973,11,2.35,Color,15,21,14,0,0,0
4.8,2007,18,2.35,Color,16,20,11,0,0,0
7,2007,14,1.85,Color,19,10,13,0,0,0
5.2,2012,18,2.35,Color,22,20,12,0,0,0
6.9,2000,16,2.35,Color,5,20,11,0,0,0
6.7,2007,30,2.35,Color,12,29,11,0,0,1
5.8,2003,7,1.85,Color,23,33,17,0,1,0
4.7,2002,12,1.85,Color,14,17,13,0,0,0
6.2,1991,7,1.85,Color,30,16,12,0,0,0
5.7,2011,11,1.85,Color,6,29,17,0,0,0
5.3,2013,7,2.35,Color,14,9,20,0,0,0
7.1,2009,1,1.85,Color,56,14,13,0,0,0
7,2008,14,1.85,Color,16,17,10,0,0,0
4,2004,6,2.35,Color,19,12,9,0,0,0
6.1,2001,9,2.35,Color,27,25,12,0,0,0
6.5,2009,14,2.35,Color,14,29,13,0,0,0
5.6,2003,19,2.35,Color,6,8,11,0,0,0
6.9,1997,8,1.85,Color,20,7,14,1,0,0
6.9,2014,11,2.35,Color,29,12,17,0,0,0
7.2,1992,21,2.35,Black and White,18,29,9,0,0,0
5.9,2001,16,1.85,Color,20,29,13,0,0,0
3.4,2016,16,2.35,Color,5,24,19,0,0,0
2.8,1998,24,1.85,Color,16,29,13,0,0,0
6.3,2010,5,2.35,Color,23,18,16,0,0,0
7,2015,19,2.35,Color,27,24,13,0,0,0
6.5,2012,12,2.35,Color,21,29,20,0,0,0
6,1998,26,1.85,Color,20,21,10,0,0,0
5.3,1988,39,1.85,Color,6,18,11,0,0,0
7,1998,12,1.85,Color,28,18,11,0,0,0
5.3,2003,10,1.85,Color,16,11,20,0,0,0
5.9,2006,18,1.85,Color,22,7,14,0,0,0
6.2,1983,21,2.35,Color,25,12,12,0,0,0
6.7,1991,10,1.85,Color,15,22,14,0,0,0
6.8,2002,17,2.35,Color,5,7,12,1,0,0
6.4,2000,9,2.35,Color,28,23,15,1,0,0
7,2002,14,2.35,Color,12,50,13,0,0,0
5,1985,9,2.35,Color,24,28,15,0,0,0
5.4,1992,9,1.85,Color,20,18,16,0,0,0
5.9,2010,12,1.85,Color,14,21,15,0,0,0
6.1,2010,10,2.35,Color,20,21,18,0,0,0
7.7,1993,18,1.85,Color,6,21,14,0,0,0
5.9,2004,16,2.35,Color,20,15,12,0,0,0
6.9,2012,10,1.85,Color,21,16,11,0,0,0
8.3,1992,10,2.35,Color,13,12,14,0,0,0
7.2,1998,13,1.85,Color,12,7,16,0,0,0
7.7,2010,8,2.35,Color,13,21,18,0,0,0
7.1,2012,5,2.35,Color,13,9,11,0,0,0
6.5,2013,9,2.35,Color,6,23,16,0,0,0
5.8,2012,7,2.35,Color,15,21,14,0,0,0
5.1,2011,17,2.35,Color,20,16,14,0,0,0
7.8,1962,15,2.35,Black and White,24,21,14,0,0,0
7.3,2013,12,2.35,Color,5,24,13,0,0,0
7.9,2014,18,1.85,Color,35,5,13,0,0,0
7.4,2008,5,1.85,Color,5,11,12,0,0,0
7.7,2003,36,1.85,Color,23,22,16,0,1,0
6.2,1993,27,1.85,Color,29,20,16,0,0,0
6.9,1995,7,2.35,Color,19,14,11,0,0,0
7,2011,20,2.35,Color,15,21,14,0,0,1
6,1989,15,2.35,Color,12,18,14,0,0,1
6.6,2002,9,2.35,Color,28,3,16,0,0,0
6.5,2010,13,2.35,Color,20,18,9,0,1,0
7.2,1996,6,2.35,Color,14,15,14,0,0,1
8.3,1976,11,1.85,Color,11,29,14,0,0,0
7,1987,10,1.85,Color,14,18,15,0,0,0
3.3,2014,37,1.78,Color,33,35,12,0,0,0
6.7,1977,18,1.66,Color,27,3,14,0,0,0
5.6,2009,9,2.35,Color,21,10,11,0,0,0
6.9,2011,12,1.85,Color,12,12,14,0,0,0
7.4,2013,3,2.35,Color,5,9,19,0,0,0
4.6,2014,8,2.35,Color,15,9,12,0,0,0
5.6,2002,18,2.35,Color,12,24,17,0,0,0
6.9,2011,7,2.35,Color,23,12,11,0,0,0
7.1,1997,11,1.66,Color,5,14,11,0,0,0
6.3,1999,16,2.35,Color,18,29,9,0,0,0
6.5,1999,18,1.85,Color,23,15,13,0,0,0
6.1,1980,16,1.85,Color,10,12,14,0,0,0
5.7,1981,26,1.85,Color,24,18,13,0,1,0
6.3,2004,9,2.35,Color,20,18,13,0,0,0
4.4,2008,5,1.85,Color,42,16,9,0,0,1
7,2011,11,1.85,Color,5,29,12,0,0,0
4.7,1985,32,1.85,Color,23,18,12,0,0,0
5.9,2003,42,1.85,Color,6,14,10,0,0,0
6.3,2002,12,1.85,Color,28,12,12,0,1,0
